TIPO,REF,Etapa,ACCT,BUDGET
Above the Line,Cuenta General,,1100,10065000
Above the Line,Sub cuenta,,1101,8340000
Above the Line,Detalle,,1101-002,0
Above the Line,Detalle,,1101-004,0
Above the Line,Detalle,DEVELOPMENT,1101-005,1400000
Above the Line,Detalle,DEVELOPMENT,1101-006,100000
Above the Line,Detalle,DEVELOPMENT,1101-007,100000
Above the Line,Detalle,,1101-010,0
Above the Line,Detalle,DEVELOPMENT,1101-011,1400000
Above the Line,Detalle,DEVELOPMENT,1101-012,75000
Above the Line,Detalle,,1101-015,0
Above the Line,Detalle,DEVELOPMENT,1101-016,1400000
Above the Line,Detalle,DEVELOPMENT,1101-017,75000
Above the Line,Detalle,,1101-020,0
Above the Line,Detalle,DEVELOPMENT,1101-021,1400000
Above the Line,Detalle,DEVELOPMENT,1101-022,75000
Above the Line,Detalle,,1101-025,0
Above the Line,Detalle,DEVELOPMENT,1101-026,1400000
Above the Line,Detalle,DEVELOPMENT,1101-027,75000
Above the Line,Detalle,,1101-030,0
Above the Line,Detalle,,1101-032,0
Above the Line,Detalle,DEVELOPMENT,1101-033,210000
Above the Line,Detalle,,1101-036,0
Above the Line,Detalle,DEVELOPMENT,1101-037,210000
Above the Line,Detalle,,1101-040,0
Above the Line,Detalle,DEVELOPMENT,1101-041,210000
Above the Line,Detalle,,1101-044,0
Above the Line,Detalle,DEVELOPMENT,1101-045,105000
Above the Line,Detalle,DEVELOPMENT,1101-046,105000
Above the Line,Sub cuenta,,1104,150000
Above the Line,Detalle,,1104-002,0
Above the Line,Detalle,DEVELOPMENT,1104-003,150000
Above the Line,Sub cuenta,,1107,1100000
Above the Line,Detalle,,1107-002,0
Above the Line,Detalle,,1107-004,0
Above the Line,Detalle,DEVELOPMENT,1107-005,275000
Above the Line,Detalle,,1107-008,0
Above the Line,Detalle,DEVELOPMENT,1107-009,275000
Above the Line,Detalle,,1107-012,0
Above the Line,Detalle,,1107-014,0
Above the Line,Detalle,DEVELOPMENT,1107-015,275000
Above the Line,Detalle,,1107-018,0
Above the Line,Detalle,DEVELOPMENT,1107-019,275000
Above the Line,Sub cuenta,,1122,250000
Above the Line,Detalle,,1122-002,0
Above the Line,Detalle,,1122-004,0
Above the Line,Detalle,DEVELOPMENT,1122-005,125000
Above the Line,Detalle,,1122-008,0
Above the Line,Detalle,,1122-010,0
Above the Line,Detalle,DEVELOPMENT,1122-011,125000
Above the Line,Sub cuenta,,1193,225000
Above the Line,Detalle,,1193-002,0
Above the Line,Detalle,DEVELOPMENT,1193-003,100000
Above the Line,Detalle,,1193-006,0
Above the Line,Detalle,DEVELOPMENT,1193-007,125000
Above the Line,Cuenta General,,1200,9449620
Above the Line,Sub cuenta,,1201,5979120
Above the Line,Detalle,,1201-002,0
Above the Line,Detalle,ALL SHOW,1201-003,2149560
Above the Line,Detalle,,1201-005,0
Above the Line,Detalle,ALL SHOW,1201-006,2149560
Above the Line,Detalle,,1201-008,0
Above the Line,Detalle,ALL SHOW,1201-009,1680000
Above the Line,Sub cuenta,,1202,1063000
Above the Line,Detalle,,1202-002,0
Above the Line,Detalle,SOFT,1202-003,125000
Above the Line,Detalle,PREP,1202-004,301500
Above the Line,Detalle,SHOOT,1202-005,234500
Above the Line,Detalle,WRAP,1202-006,402000
Above the Line,Sub cuenta,,1204,1050000
Above the Line,Detalle,,1204-002,0
Above the Line,Detalle,SOFT,1204-003,210000
Above the Line,Detalle,PREP,1204-004,378000
Above the Line,Detalle,SHOOT,1204-005,294000
Above the Line,Detalle,WRAP,1204-006,168000
Above the Line,Sub cuenta,,1222,564500
Above the Line,Detalle,,1222-002,0
Above the Line,Detalle,PREP,1222-003,73500
Above the Line,Detalle,SHOOT,1222-004,73500
Above the Line,Detalle,,1222-007,0
Above the Line,Detalle,SOFT,1222-008,50000
Above the Line,Detalle,ALL SHOW,1222-009,367500
Above the Line,Sub cuenta,,1287,793000
Above the Line,Detalle,,1287-002,0
Above the Line,Detalle,,1287-004,0
Above the Line,Detalle,ALL SHOW,1287-005,52000
Above the Line,Detalle,ALL SHOW,1287-006,91000
Above the Line,Detalle,ALL SHOW,1287-007,221000
Above the Line,Detalle,,1287-010,0
Above the Line,Detalle,ALL SHOW,1287-011,117000
Above the Line,Detalle,ALL SHOW,1287-012,91000
Above the Line,Detalle,ALL SHOW,1287-013,221000
Above the Line,Cuenta General,,1300,2810543.88
Above the Line,Sub cuenta,,1301,2138352
Above the Line,Detalle,,1301-002,0
Above the Line,Detalle,SHOOT,1301-003,462000
Above the Line,Detalle,SHOOT,1301-004,31136
Above the Line,Detalle,SHOOT,1301-005,6672
Above the Line,Detalle,SHOOT,1301-006,31136
Above the Line,Detalle,SHOOT,1301-007,4200
Above the Line,Detalle,,1301-010,0
Above the Line,Detalle,SHOOT,1301-011,462000
Above the Line,Detalle,SHOOT,1301-012,31136
Above the Line,Detalle,SHOOT,1301-013,6672
Above the Line,Detalle,SHOOT,1301-014,31136
Above the Line,Detalle,SHOOT,1301-015,4200
Above the Line,Detalle,,1301-018,0
Above the Line,Detalle,SHOOT,1301-019,462000
Above the Line,Detalle,SHOOT,1301-020,31136
Above the Line,Detalle,SHOOT,1301-021,6672
Above the Line,Detalle,SHOOT,1301-022,31136
Above the Line,Detalle,SHOOT,1301-023,4200
Above the Line,Detalle,,1301-026,0
Above the Line,Detalle,SHOOT,1301-027,462000
Above the Line,Detalle,SHOOT,1301-028,15568
Above the Line,Detalle,SHOOT,1301-029,4448
Above the Line,Detalle,SHOOT,1301-030,15568
Above the Line,Detalle,SHOOT,1301-031,2100
Above the Line,Detalle,,1301-034,0
Above the Line,Detalle,SHOOT,1301-035,0
Above the Line,Detalle,SHOOT,1301-036,15568
Above the Line,Detalle,SHOOT,1301-037,0
Above the Line,Detalle,SHOOT,1301-038,15568
Above the Line,Detalle,SHOOT,1301-039,2100
Above the Line,Sub cuenta,,1302,259248
Above the Line,Detalle,,1302-002,0
Above the Line,Detalle,2nd Unit,1302-003,65000
Above the Line,Detalle,2nd Unit,1302-004,130000
Above the Line,Detalle,2nd Unit,1302-005,26688
Above the Line,Detalle,2nd Unit,1302-006,6672
Above the Line,Detalle,2nd Unit,1302-007,26688
Above the Line,Detalle,2nd Unit,1302-008,4200
Above the Line,Sub cuenta,,1320,75000
Above the Line,Detalle,,1320-002,0
Above the Line,Detalle,SHOOT,1320-003,75000
Above the Line,Sub cuenta,,1387,205200
Above the Line,Detalle,,1387-002,0
Above the Line,Detalle,PREP,1387-003,21600
Above the Line,Detalle,SHOOT,1387-004,151200
Above the Line,Detalle,WRAP,1387-005,0
Above the Line,Detalle,,1387-008,0
Above the Line,Detalle,2nd Unit,1387-009,10800
Above the Line,Detalle,2nd Unit,1387-010,21600
Above the Line,Sub cuenta,,1399,132743.88
Above the Line,Detalle,Fringes,1399-001,132743.88
Above the Line,Cuenta General,,1400,11960556.03
Above the Line,Sub cuenta,,1401,7612289
Above the Line,Detalle,SHOOT,1401-002,1848000
Above the Line,Detalle,SHOOT,1401-003,127998
Above the Line,Detalle,SHOOT,1401-004,0
Above the Line,Detalle,SHOOT,1401-005,0
Above the Line,Detalle,SHOOT,1401-006,22974
Above the Line,Detalle,SHOOT,1401-007,39384
Above the Line,Detalle,SHOOT,1401-008,14700
Above the Line,Detalle,SHOOT,1401-011,1000000
Above the Line,Detalle,SHOOT,1401-012,118152
Above the Line,Detalle,SHOOT,1401-013,0
Above the Line,Detalle,SHOOT,1401-014,0
Above the Line,Detalle,SHOOT,1401-015,22974
Above the Line,Detalle,SHOOT,1401-016,36102
Above the Line,Detalle,SHOOT,1401-017,14700
Above the Line,Detalle,SHOOT,1401-020,210000
Above the Line,Detalle,SHOOT,1401-021,96852
Above the Line,Detalle,SHOOT,1401-022,0
Above the Line,Detalle,SHOOT,1401-023,0
Above the Line,Detalle,SHOOT,1401-024,32284
Above the Line,Detalle,SHOOT,1401-025,32284
Above the Line,Detalle,SHOOT,1401-026,14700
Above the Line,Detalle,SHOOT,1401-029,252000
Above the Line,Detalle,SHOOT,1401-030,98460
Above the Line,Detalle,SHOOT,1401-031,22974
Above the Line,Detalle,SHOOT,1401-032,49230
Above the Line,Detalle,SHOOT,1401-033,14700
Above the Line,Detalle,SHOOT,1401-036,252000
Above the Line,Detalle,SHOOT,1401-037,88614
Above the Line,Detalle,SHOOT,1401-038,22974
Above the Line,Detalle,SHOOT,1401-039,42666
Above the Line,Detalle,SHOOT,1401-040,14700
Above the Line,Detalle,SHOOT,1401-043,228375
Above the Line,Detalle,SHOOT,1401-044,13128
Above the Line,Detalle,SHOOT,1401-045,3282
Above the Line,Detalle,SHOOT,1401-046,3282
Above the Line,Detalle,SHOOT,1401-047,1500
Above the Line,Detalle,SHOOT,1401-050,441000
Above the Line,Detalle,SHOOT,1401-051,26256
Above the Line,Detalle,SHOOT,1401-052,3282
Above the Line,Detalle,SHOOT,1401-053,0
Above the Line,Detalle,SHOOT,1401-054,3900
Above the Line,Detalle,SHOOT,1401-057,199500
Above the Line,Detalle,SHOOT,1401-058,36102
Above the Line,Detalle,SHOOT,1401-059,6564
Above the Line,Detalle,SHOOT,1401-060,0
Above the Line,Detalle,SHOOT,1401-061,3900
Above the Line,Detalle,SHOOT,1401-064,483000
Above the Line,Detalle,SHOOT,1401-065,26256
Above the Line,Detalle,SHOOT,1401-066,13128
Above the Line,Detalle,SHOOT,1401-067,0
Above the Line,Detalle,SHOOT,1401-068,3600
Above the Line,Detalle,SHOOT,1401-071,960000
Above the Line,Detalle,SHOOT,1401-072,124524
Above the Line,Detalle,SHOOT,1401-075,416000
Above the Line,Detalle,SHOOT,1401-076,68922
Above the Line,Detalle,SHOOT,1401-077,22974
Above the Line,Detalle,SHOOT,1401-078,19692
Above the Line,Detalle,SHOOT,1401-079,14700
Above the Line,Sub cuenta,,1403,1240398
Above the Line,Detalle,SHOOT,1403-002,236250
Above the Line,Detalle,SHOOT,1403-003,22974
Above the Line,Detalle,SHOOT,1403-004,0
Above the Line,Detalle,SHOOT,1403-005,0
Above the Line,Detalle,SHOOT,1403-006,0
Above the Line,Detalle,SHOOT,1403-009,94500
Above the Line,Detalle,SHOOT,1403-010,16410
Above the Line,Detalle,SHOOT,1403-011,0
Above the Line,Detalle,SHOOT,1403-012,0
Above the Line,Detalle,SHOOT,1403-013,2100
Above the Line,Detalle,SHOOT,1403-016,61678.32
Above the Line,Detalle,SHOOT,1403-017,16410
Above the Line,Detalle,SHOOT,1403-018,0
Above the Line,Detalle,SHOOT,1403-019,0
Above the Line,Detalle,SHOOT,1403-020,0
Above the Line,Detalle,SHOOT,1403-023,94500
Above the Line,Detalle,SHOOT,1403-024,39384
Above the Line,Detalle,SHOOT,1403-025,0
Above the Line,Detalle,SHOOT,1403-026,19692
Above the Line,Detalle,SHOOT,1403-027,0
Above the Line,Detalle,SHOOT,1403-030,105000
Above the Line,Detalle,SHOOT,1403-031,16410
Above the Line,Detalle,SHOOT,1403-032,13128
Above the Line,Detalle,SHOOT,1403-033,0
Above the Line,Detalle,SHOOT,1403-034,2700
Above the Line,Detalle,SHOOT,1403-037,25200
Above the Line,Detalle,SHOOT,1403-038,19692
Above the Line,Detalle,SHOOT,1403-039,0
Above the Line,Detalle,SHOOT,1403-040,0
Above the Line,Detalle,SHOOT,1403-041,0
Above the Line,Detalle,SHOOT,1403-044,16800
Above the Line,Detalle,SHOOT,1403-045,19692
Above the Line,Detalle,SHOOT,1403-046,0
Above the Line,Detalle,SHOOT,1403-047,0
Above the Line,Detalle,SHOOT,1403-048,0
Above the Line,Detalle,SHOOT,1403-051,12600
Above the Line,Detalle,SHOOT,1403-052,22974
Above the Line,Detalle,SHOOT,1403-053,0
Above the Line,Detalle,SHOOT,1403-054,0
Above the Line,Detalle,SHOOT,1403-055,0
Above the Line,Detalle,SHOOT,1403-058,12600
Above the Line,Detalle,SHOOT,1403-059,22974
Above the Line,Detalle,SHOOT,1403-060,0
Above the Line,Detalle,SHOOT,1403-061,0
Above the Line,Detalle,SHOOT,1403-062,0
Above the Line,Detalle,SHOOT,1403-065,69300
Above the Line,Detalle,SHOOT,1403-066,29538
Above the Line,Detalle,SHOOT,1403-067,0
Above the Line,Detalle,SHOOT,1403-068,16410
Above the Line,Detalle,SHOOT,1403-069,0
Above the Line,Detalle,SHOOT,1403-072,20000
Above the Line,Detalle,SHOOT,1403-073,19692
Above the Line,Detalle,SHOOT,1403-074,19692
Above the Line,Detalle,SHOOT,1403-075,0
Above the Line,Detalle,SHOOT,1403-076,0
Above the Line,Detalle,SHOOT,1403-079,38850
Above the Line,Detalle,SHOOT,1403-080,9846
Above the Line,Detalle,SHOOT,1403-081,0
Above the Line,Detalle,SHOOT,1403-082,0
Above the Line,Detalle,SHOOT,1403-083,0
Above the Line,Detalle,SHOOT,1403-086,84000
Above the Line,Detalle,SHOOT,1403-087,16410
Above the Line,Detalle,SHOOT,1403-088,19692
Above the Line,Detalle,SHOOT,1403-089,0
Above the Line,Detalle,SHOOT,1403-090,3300
Above the Line,Sub cuenta,,1404,255106
Above the Line,Detalle,,1404-002,0
Above the Line,Detalle,,1404-004,0
Above the Line,Detalle,ALL SHOW,1404-005,100000
Above the Line,Detalle,ALL SHOW,1404-006,65640
Above the Line,Detalle,,1404-009,0
Above the Line,Detalle,SHOOT,1404-010,46800
Above the Line,Detalle,SHOOT,1404-011,42666
Above the Line,Sub cuenta,,1406,196425
Above the Line,Detalle,,1406-002,0
Above the Line,Detalle,PREP,1406-003,9000
Above the Line,Detalle,SHOOT,1406-004,9150
Above the Line,Detalle,SHOOT,1406-005,64050
Above the Line,Detalle,SHOOT,1406-006,64050
Above the Line,Detalle,,1406-009,0
Above the Line,Detalle,2nd Unit,1406-010,9000
Above the Line,Detalle,2nd Unit,1406-011,4575
Above the Line,Detalle,2nd Unit,1406-012,18300
Above the Line,Detalle,2nd Unit,1406-013,18300
Above the Line,Sub cuenta,,1410,528052
Above the Line,Detalle,,1410-002,0
Above the Line,Detalle,,1410-003,0
Above the Line,Detalle,PREP,1410-004,132000
Above the Line,Detalle,PREP,1410-005,60000
Above the Line,Detalle,SHOOT,1410-006,11844
Above the Line,Detalle,SHOOT,1410-007,13128
Above the Line,Detalle,SHOOT,1410-008,71688
Above the Line,Detalle,SHOOT,1410-009,26256
Above the Line,Detalle,SHOOT,1410-010,6564
Above the Line,Detalle,SHOOT,1410-011,29538
Above the Line,Detalle,SHOOT,1410-012,2400
Above the Line,Detalle,,1410-015,0
Above the Line,Detalle,,1410-016,0
Above the Line,Detalle,PREP,1410-017,49000
Above the Line,Detalle,PREP,1410-018,35000
Above the Line,Detalle,SHOOT,1410-019,1844
Above the Line,Detalle,SHOOT,1410-020,12156
Above the Line,Detalle,SHOOT,1410-021,31688
Above the Line,Detalle,SHOOT,1410-022,24312
Above the Line,Detalle,SHOOT,1410-023,6078
Above the Line,Detalle,SHOOT,1410-024,12156
Above the Line,Detalle,SHOOT,1410-025,2400
Above the Line,Sub cuenta,,1411,330002
Above the Line,Detalle,,1411-002,0
Above the Line,Detalle,,1411-004,0
Above the Line,Detalle,,1411-005,0
Above the Line,Detalle,PREP,1411-006,6000
Above the Line,Detalle,SHOOT,1411-007,18000
Above the Line,Detalle,SHOOT,1411-008,9846
Above the Line,Detalle,,1411-011,0
Above the Line,Detalle,,1411-012,0
Above the Line,Detalle,PREP,1411-013,6000
Above the Line,Detalle,SHOOT,1411-014,6000
Above the Line,Detalle,SHOOT,1411-015,3282
Above the Line,Detalle,,1411-018,0
Above the Line,Detalle,,1411-019,0
Above the Line,Detalle,PREP,1411-020,28000
Above the Line,Detalle,SHOOT,1411-021,1844
Above the Line,Detalle,SHOOT,1411-022,12156
Above the Line,Detalle,SHOOT,1411-023,10000
Above the Line,Detalle,SHOOT,1411-024,10000
Above the Line,Detalle,SHOOT,1411-025,7922
Above the Line,Detalle,SHOOT,1411-026,6564
Above the Line,Detalle,SHOOT,1411-027,0
Above the Line,Detalle,SHOOT,1411-028,1800
Above the Line,Detalle,,1411-031,0
Above the Line,Detalle,,1411-032,0
Above the Line,Detalle,PREP,1411-033,14000
Above the Line,Detalle,SHOOT,1411-034,1844
Above the Line,Detalle,SHOOT,1411-035,13128
Above the Line,Detalle,SHOOT,1411-036,0
Above the Line,Detalle,SHOOT,1411-037,0
Above the Line,Detalle,SHOOT,1411-038,7922
Above the Line,Detalle,SHOOT,1411-039,6564
Above the Line,Detalle,SHOOT,1411-040,0
Above the Line,Detalle,SHOOT,1411-041,1200
Above the Line,Detalle,,1411-044,0
Above the Line,Detalle,,1411-045,0
Above the Line,Detalle,PREP,1411-046,6000
Above the Line,Detalle,SHOOT,1411-047,36000
Above the Line,Detalle,SHOOT,1411-048,19692
Above the Line,Detalle,,1411-051,0
Above the Line,Detalle,,1411-052,0
Above the Line,Detalle,PREP,1411-053,7000
Above the Line,Detalle,SHOOT,1411-054,1844
Above the Line,Detalle,SHOOT,1411-055,12156
Above the Line,Detalle,SHOOT,1411-056,0
Above the Line,Detalle,SHOOT,1411-057,0
Above the Line,Detalle,SHOOT,1411-058,7922
Above the Line,Detalle,SHOOT,1411-059,6078
Above the Line,Detalle,SHOOT,1411-060,6078
Above the Line,Detalle,SHOOT,1411-061,900
Above the Line,Detalle,,1411-064,0
Above the Line,Detalle,,1411-065,0
Above the Line,Detalle,PREP,1411-066,7000
Above the Line,Detalle,SHOOT,1411-067,1844
Above the Line,Detalle,SHOOT,1411-068,12156
Above the Line,Detalle,SHOOT,1411-069,0
Above the Line,Detalle,SHOOT,1411-070,0
Above the Line,Detalle,SHOOT,1411-071,7922
Above the Line,Detalle,SHOOT,1411-072,6078
Above the Line,Detalle,SHOOT,1411-073,6078
Above the Line,Detalle,SHOOT,1411-074,900
Above the Line,Detalle,,1411-077,0
Above the Line,Detalle,,1411-078,0
Above the Line,Detalle,PREP,1411-079,3000
Above the Line,Detalle,SHOOT,1411-080,6000
Above the Line,Detalle,SHOOT,1411-081,3282
Above the Line,Sub cuenta,,1412,78000
Above the Line,Detalle,,1412-002,0
Above the Line,Detalle,SHOOT,1412-003,42000
Above the Line,Detalle,,1412-006,0
Above the Line,Detalle,SHOOT,1412-007,8000
Above the Line,Detalle,,1412-010,0
Above the Line,Detalle,SHOOT,1412-011,8000
Above the Line,Detalle,,1412-014,0
Above the Line,Detalle,SHOOT,1412-015,4000
Above the Line,Detalle,,1412-018,0
Above the Line,Detalle,SHOOT,1412-019,6000
Above the Line,Detalle,,1412-022,0
Above the Line,Detalle,SHOOT,1412-023,2000
Above the Line,Detalle,,1412-026,0
Above the Line,Detalle,SHOOT,1412-027,2000
Above the Line,Detalle,,1412-030,0
Above the Line,Detalle,SHOOT,1412-031,6000
Above the Line,Detalle,SHOOT,1412-033,
Above the Line,Sub cuenta,,1413,309100
Above the Line,Detalle,,1413-002,0
Above the Line,Detalle,PREP,1413-003,63000
Above the Line,Detalle,SHOOT,1413-004,140000
Above the Line,Detalle,,1413-007,0
Above the Line,Detalle,PREP,1413-008,3500
Above the Line,Detalle,,1413-011,0
Above the Line,Detalle,PREP,1413-012,37500
Above the Line,Detalle,,1413-015,0
Above the Line,Detalle,PREP,1413-016,2100
Above the Line,Detalle,,1413-019,0
Above the Line,Detalle,PREP,1413-020,2100
Above the Line,Detalle,,1413-023,0
Above the Line,Detalle,PREP,1413-024,2800
Above the Line,Detalle,,1413-027,0
Above the Line,Detalle,PREP,1413-028,2100
Above the Line,Detalle,,1413-031,0
Above the Line,Detalle,SHOOT,1413-032,56000
Above the Line,Sub cuenta,,1420,381225
Above the Line,Detalle,,1420-002,0
Above the Line,Detalle,ALL SHOW,1420-003,381225
Above the Line,Sub cuenta,,1426,33868
Above the Line,Detalle,,1426-002,0
Above the Line,Detalle,PREP,1426-003,6384
Above the Line,Detalle,,1426-006,0
Above the Line,Detalle,PREP,1426-007,6477
Above the Line,Detalle,PREP,1426-008,1218
Above the Line,Detalle,PREP,1426-009,870
Above the Line,Detalle,PREP,1426-010,11419
Above the Line,Detalle,,1426-013,0
Above the Line,Detalle,PREP,1426-014,7500
Above the Line,Sub cuenta,,1480,170000
Above the Line,Detalle,,1480-002,0
Above the Line,Detalle,ALL SHOW,1480-003,70000
Above the Line,Detalle,,1480-006,0
Above the Line,Detalle,PREP,1480-007,40000
Above the Line,Detalle,,1480-010,0
Above the Line,Detalle,PREP,1480-011,60000
Above the Line,Sub cuenta,,1487,8000
Above the Line,Detalle,,1487-002,0
Above the Line,Detalle,PREP,1487-003,8000
Above the Line,Sub cuenta,,1499,818091.0300000001
Above the Line,Detalle,Fringes,1499-001,818091.0300000001
Above the Line,Cuenta General,,1600,1416166.53
Above the Line,Sub cuenta,,1620,108000
Above the Line,Detalle,,1620-002,0
Above the Line,Detalle,ALL SHOW,1620-003,54000
Above the Line,Detalle,ALL SHOW,1620-004,54000
Above the Line,Sub cuenta,,1621,229344
Above the Line,Detalle,,1621-002,0
Above the Line,Detalle,ALL SHOW,1621-003,80000
Above the Line,Detalle,ALL SHOW,1621-004,20000
Above the Line,Detalle,,1621-007,0
Above the Line,Detalle,ALL SHOW,1621-008,80000
Above the Line,Detalle,ALL SHOW,1621-009,20000
Above the Line,Detalle,,1621-012,0
Above the Line,Detalle,ALL SHOW,1621-013,29344.44
Above the Line,Sub cuenta,,1630,50000
Above the Line,Detalle,,1630-002,0
Above the Line,Detalle,,1630-004,0
Above the Line,Detalle,ALL SHOW,1630-005,5000
Above the Line,Detalle,ALL SHOW,1630-006,5000
Above the Line,Detalle,,1630-009,0
Above the Line,Detalle,ALL SHOW,1630-010,5000
Above the Line,Detalle,ALL SHOW,1630-011,5000
Above the Line,Detalle,,1630-014,0
Above the Line,Detalle,ALL SHOW,1630-015,5000
Above the Line,Detalle,ALL SHOW,1630-016,5000
Above the Line,Detalle,,1630-019,0
Above the Line,Detalle,ALL SHOW,1630-020,5000
Above the Line,Detalle,ALL SHOW,1630-021,5000
Above the Line,Detalle,,1630-024,0
Above the Line,Detalle,2nd Unit,1630-025,5000
Above the Line,Detalle,2nd Unit,1630-026,5000
Above the Line,Sub cuenta,,1631,95072
Above the Line,Detalle,,1631-002,0
Above the Line,Detalle,PREP,1631-003,12600
Above the Line,Detalle,SHOOT,1631-004,44100
Above the Line,Detalle,,1631-007,0
Above the Line,Detalle,2nd Unit,1631-008,6300
Above the Line,Detalle,2nd Unit,1631-009,12600
Above the Line,Detalle,,1631-012,0
Above the Line,Detalle,ALL SHOW,1631-013,14672.22
Above the Line,Detalle,,1631-016,0
Above the Line,Detalle,ALL SHOW,1631-017,4800
Above the Line,Sub cuenta,,1640,209442
Above the Line,Detalle,,1640-002,0
Above the Line,Detalle,ALL SHOW,1640-003,24000
Above the Line,Detalle,ALL SHOW,1640-004,24000
Above the Line,Detalle,ALL SHOW,1640-005,21441.63
Above the Line,Detalle,,1640-008,0
Above the Line,Detalle,ALL SHOW,1640-009,140000
Above the Line,Sub cuenta,,1641,560513
Above the Line,Detalle,,1641-002,0
Above the Line,Detalle,ALL SHOW,1641-003,208000
Above the Line,Detalle,ALL SHOW,1641-004,80000
Above the Line,Detalle,,1641-007,0
Above the Line,Detalle,ALL SHOW,1641-008,100800
Above the Line,Detalle,,1641-011,0
Above the Line,Detalle,ALL SHOW,1641-012,12000
Above the Line,Detalle,,1641-015,0
Above the Line,Detalle,ALL SHOW,1641-016,134117.58
Above the Line,Detalle,,1641-019,0
Above the Line,Detalle,ALL SHOW,1641-020,25595.82
Above the Line,Sub cuenta,,1642,146500
Above the Line,Detalle,,1642-002,0
Above the Line,Detalle,SHOOT,1642-003,60000
Above the Line,Detalle,,1642-006,0
Above the Line,Detalle,SHOOT,1642-007,10500
Above the Line,Detalle,SHOOT,1642-008,5250
Above the Line,Detalle,,1642-011,0
Above the Line,Detalle,SHOOT,1642-012,10500
Above the Line,Detalle,SHOOT,1642-013,5250
Above the Line,Detalle,,1642-016,0
Above the Line,Detalle,PREP,1642-017,5000
Above the Line,Detalle,SHOOT,1642-018,6500
Above the Line,Detalle,SHOOT,1642-019,12000
Above the Line,Detalle,SHOOT,1642-020,5250
Above the Line,Detalle,,1642-023,0
Above the Line,Detalle,SHOOT,1642-024,5250
Above the Line,Detalle,SHOOT,1642-025,15750
Above the Line,Detalle,SHOOT,1642-026,5250
Above the Line,Sub cuenta,,1643,10500
Above the Line,Detalle,,1643-002,0
Above the Line,Detalle,ALL SHOW,1643-003,10500
Above the Line,Sub cuenta,,1699,6795.530000000001
Above the Line,Detalle,Fringes,1699-001,6795.530000000001
Below the Line,Cuenta General,,2000,6668300
Below the Line,Sub cuenta,,2001,520000
Below the Line,Detalle,,2001-002,0
Below the Line,Detalle,SOFT,2001-003,60000
Below the Line,Detalle,PREP,2001-004,180000
Below the Line,Detalle,SHOOT,2001-005,140000
Below the Line,Detalle,WRAP,2001-006,60000
Below the Line,Detalle,,2001-009,0
Below the Line,Detalle,2nd Unit,2001-010,20000
Below the Line,Detalle,2nd Unit,2001-011,40000
Below the Line,Detalle,2nd Unit,2001-012,20000
Below the Line,Sub cuenta,,2003,742500
Below the Line,Detalle,,2003-002,0
Below the Line,Detalle,PREP,2003-003,236250
Below the Line,Detalle,SHOOT,2003-004,131250
Below the Line,Detalle,,2003-007,0
Below the Line,Detalle,2nd Unit,2003-008,25000
Below the Line,Detalle,2nd Unit,2003-009,50000
Below the Line,Detalle,,2003-012,0
Below the Line,Detalle,PREP,2003-013,125000
Below the Line,Detalle,SHOOT,2003-014,175000
Below the Line,Detalle,SHOOT,2003-016,
Below the Line,Sub cuenta,,2004,551250
Below the Line,Detalle,,2004-002,0
Below the Line,Detalle,SOFT,2004-003,131250
Below the Line,Detalle,PREP,2004-004,236250
Below the Line,Detalle,SHOOT,2004-005,183750
Below the Line,Sub cuenta,,2005,673500
Below the Line,Detalle,,2005-002,0
Below the Line,Detalle,SOFT,2005-003,31500
Below the Line,Detalle,PREP,2005-004,141750
Below the Line,Detalle,SHOOT,2005-005,110250
Below the Line,Detalle,,2005-008,0
Below the Line,Detalle,PREP,2005-009,105000
Below the Line,Detalle,SHOOT,2005-010,75000
Below the Line,Detalle,,2005-013,0
Below the Line,Detalle,PREP,2005-014,60000
Below the Line,Detalle,SHOOT,2005-015,105000
Below the Line,Detalle,,2005-018,0
Below the Line,Detalle,2nd Unit,2005-019,15000
Below the Line,Detalle,2nd Unit,2005-020,30000
Below the Line,Sub cuenta,,2006,90000
Below the Line,Detalle,,2006-002,0
Below the Line,Detalle,PREP,2006-003,15000
Below the Line,Detalle,SHOOT,2006-004,52500
Below the Line,Detalle,,2006-007,0
Below the Line,Detalle,2nd Unit,2006-008,7500
Below the Line,Detalle,2nd Unit,2006-009,15000
Below the Line,Detalle,2nd Unit,2006-011,
Below the Line,Sub cuenta,,2009,198200
Below the Line,Detalle,,2009-002,0
Below the Line,Detalle,PREP,2009-003,17000
Below the Line,Detalle,SHOOT,2009-004,119000
Below the Line,Detalle,,2009-007,0
Below the Line,Detalle,PREP,2009-008,8400
Below the Line,Detalle,SHOOT,2009-009,2800
Below the Line,Detalle,,2009-012,0
Below the Line,Detalle,2nd Unit,2009-013,17000
Below the Line,Detalle,2nd Unit,2009-014,34000
Below the Line,Detalle,2nd Unit,2009-015,0
Below the Line,Sub cuenta,,2010,726750
Below the Line,Detalle,,2010-002,0
Below the Line,Detalle,,2010-004,0
Below the Line,Detalle,DEVELOPMENT,2010-005,50000
Below the Line,Detalle,DEVELOPMENT,2010-006,50000
Below the Line,Detalle,,2010-009,0
Below the Line,Detalle,SOFT,2010-010,28750
Below the Line,Detalle,PREP,2010-011,207000
Below the Line,Detalle,SHOOT,2010-012,161000
Below the Line,Detalle,WRAP,2010-013,92000
Below the Line,Detalle,POST,2010-014,138000
Below the Line,Sub cuenta,,2011,749500
Below the Line,Detalle,,2011-002,0
Below the Line,Detalle,SOFT,2011-003,15000
Below the Line,Detalle,PREP,2011-004,108000
Below the Line,Detalle,SHOOT,2011-005,84000
Below the Line,Detalle,WRAP,2011-006,48000
Below the Line,Detalle,POST,2011-007,72000
Below the Line,Detalle,,2011-010,0
Below the Line,Detalle,SOFT,2011-011,12500
Below the Line,Detalle,PREP,2011-012,90000
Below the Line,Detalle,SHOOT,2011-013,70000
Below the Line,Detalle,WRAP,2011-014,40000
Below the Line,Detalle,POST,2011-015,60000
Below the Line,Detalle,,2011-018,0
Below the Line,Detalle,SOFT,2011-019,18000
Below the Line,Detalle,PREP,2011-020,49500
Below the Line,Detalle,SHOOT,2011-021,38500
Below the Line,Detalle,WRAP,2011-022,22000
Below the Line,Detalle,POST,2011-023,22000
Below the Line,Sub cuenta,,2013,491400
Below the Line,Detalle,,2013-002,0
Below the Line,Detalle,SOFT,2013-003,94500
Below the Line,Detalle,PREP,2013-004,170100
Below the Line,Detalle,SHOOT,2013-005,132300
Below the Line,Detalle,WRAP,2013-006,94500
Below the Line,Sub cuenta,,2014,429000
Below the Line,Detalle,,2014-002,0
Below the Line,Detalle,PREP,2014-003,81000
Below the Line,Detalle,SHOOT,2014-004,63000
Below the Line,Detalle,WRAP,2014-005,45000
Below the Line,Detalle,,2014-008,0
Below the Line,Detalle,PREP,2014-009,56000
Below the Line,Detalle,SHOOT,2014-010,56000
Below the Line,Detalle,WRAP,2014-011,32000
Below the Line,Detalle,,2014-014,0
Below the Line,Detalle,SHOOT,2014-015,32000
Below the Line,Detalle,WRAP,2014-016,64000
Below the Line,Sub cuenta,,2017,237500
Below the Line,Detalle,,2017-002,0
Below the Line,Detalle,PREP,2017-003,87500
Below the Line,Detalle,SHOOT,2017-004,87500
Below the Line,Detalle,WRAP,2017-005,12500
Below the Line,Detalle,,2017-008,0
Below the Line,Detalle,2nd Unit,2017-009,12500
Below the Line,Detalle,2nd Unit,2017-010,25000
Below the Line,Detalle,2nd Unit,2017-011,12500
Below the Line,Sub cuenta,,2019,119000
Below the Line,Detalle,,2019-002,0
Below the Line,Detalle,PREP,2019-003,12000
Below the Line,Detalle,SHOOT,2019-004,42000
Below the Line,Detalle,WRAP,2019-005,6000
Below the Line,Detalle,,2019-008,0
Below the Line,Detalle,PREP,2019-009,11800
Below the Line,Detalle,SHOOT,2019-010,41300
Below the Line,Detalle,WRAP,2019-011,5900
Below the Line,Sub cuenta,,2020,619000
Below the Line,Detalle,,2020-002,0
Below the Line,Detalle,PREP,2020-003,108000
Below the Line,Detalle,SHOOT,2020-004,126000
Below the Line,Detalle,WRAP,2020-005,18000
Below the Line,Detalle,,2020-008,0
Below the Line,Detalle,PREP,2020-009,54000
Below the Line,Detalle,SHOOT,2020-010,63000
Below the Line,Detalle,WRAP,2020-011,18000
Below the Line,Detalle,,2020-014,0
Below the Line,Detalle,PREP,2020-015,14000
Below the Line,Detalle,SHOOT,2020-016,49000
Below the Line,Detalle,WRAP,2020-017,7000
Below the Line,Detalle,,2020-020,0
Below the Line,Detalle,PREP,2020-021,14000
Below the Line,Detalle,SHOOT,2020-022,49000
Below the Line,Detalle,WRAP,2020-023,7000
Below the Line,Detalle,,2020-026,0
Below the Line,Detalle,SHOOT,2020-027,49000
Below the Line,Detalle,,2020-030,0
Below the Line,Detalle,2nd Unit,2020-031,7000
Below the Line,Detalle,2nd Unit,2020-032,14000
Below the Line,Detalle,2nd Unit,2020-033,0
Below the Line,Detalle,,2020-036,0
Below the Line,Detalle,2nd Unit,2020-037,0
Below the Line,Detalle,2nd Unit,2020-038,14000
Below the Line,Detalle,2nd Unit,2020-039,0
Below the Line,Detalle,,2020-042,0
Below the Line,Detalle,2nd Unit,2020-043,0
Below the Line,Detalle,2nd Unit,2020-044,8000
Below the Line,Detalle,2nd Unit,2020-045,0
Below the Line,Detalle,2nd Unit,2020-047,
Below the Line,Sub cuenta,,2030,307700
Below the Line,Detalle,,2030-002,0
Below the Line,Detalle,PREP,2030-003,16000
Below the Line,Detalle,SHOOT,2030-004,56000
Below the Line,Detalle,WRAP,2030-005,8000
Below the Line,Detalle,,2030-008,0
Below the Line,Detalle,PREP,2030-009,50600
Below the Line,Detalle,SHOOT,2030-010,177100
Below the Line,Detalle,WRAP,2030-011,0
Below the Line,Sub cuenta,,2042,5000
Below the Line,Detalle,,2042-002,0
Below the Line,Detalle,ALL SHOW,2042-003,5000
Below the Line,Sub cuenta,,2045,148000
Below the Line,Detalle,,2045-002,0
Below the Line,Detalle,PREP,2045-003,24000
Below the Line,Detalle,SHOOT,2045-004,56000
Below the Line,Detalle,WRAP,2045-005,8000
Below the Line,Detalle,,2045-008,0
Below the Line,Detalle,SHOOT,2045-009,52500
Below the Line,Detalle,WRAP,2045-010,7500
Below the Line,Sub cuenta,,2080,60000
Below the Line,Detalle,,2080-002,0
Below the Line,Detalle,SHOOT,2080-003,60000
Below the Line,Cuenta General,,2100,1614000
Below the Line,Sub cuenta,,2103,1322000
Below the Line,Detalle,,2103-002,0
Below the Line,Detalle,,2103-003,0
Below the Line,Detalle,SHOOT,2103-004,1250000
Below the Line,Detalle,SHOOT,2103-005,72000
Below the Line,Sub cuenta,,2110,292000
Below the Line,Detalle,,2110-002,0
Below the Line,Detalle,PREP,2110-003,20000
Below the Line,Detalle,SHOOT,2110-004,140000
Below the Line,Detalle,,2110-007,0
Below the Line,Detalle,SHOOT,2110-008,105000
Below the Line,Detalle,,2110-011,0
Below the Line,Detalle,SHOOT,2110-012,27000
Below the Line,Cuenta General,,2200,1825740
Below the Line,Sub cuenta,,2201,598290
Below the Line,Detalle,,2201-002,0
Below the Line,Detalle,SOFT,2201-003,16170
Below the Line,Detalle,PREP,2201-004,291060
Below the Line,Detalle,SHOOT,2201-005,226380
Below the Line,Detalle,WRAP,2201-006,64680
Below the Line,Sub cuenta,,2202,387450
Below the Line,Detalle,,2202-002,0
Below the Line,Detalle,PREP,2202-003,193725
Below the Line,Detalle,SHOOT,2202-004,150675
Below the Line,Detalle,WRAP,2202-005,43050
Below the Line,Sub cuenta,,2203,151200
Below the Line,Detalle,,2203-002,0
Below the Line,Detalle,PREP,2203-003,50400
Below the Line,Detalle,SHOOT,2203-004,88200
Below the Line,Detalle,WRAP,2203-005,12600
Below the Line,Sub cuenta,,2206,490000
Below the Line,Detalle,,2206-002,0
Below the Line,Detalle,PREP,2206-003,141750
Below the Line,Detalle,SHOOT,2206-004,110250
Below the Line,Detalle,WRAP,2206-005,31500
Below the Line,Detalle,,2206-008,0
Below the Line,Detalle,PREP,2206-009,28000
Below the Line,Detalle,SHOOT,2206-010,49000
Below the Line,Detalle,WRAP,2206-011,14000
Below the Line,Detalle,,2206-014,0
Below the Line,Detalle,PREP,2206-015,38500
Below the Line,Detalle,SHOOT,2206-016,53900
Below the Line,Detalle,WRAP,2206-017,23100
Below the Line,Sub cuenta,,2213,163800
Below the Line,Detalle,,2213-002,0
Below the Line,Detalle,PREP,2213-003,75600
Below the Line,Detalle,SHOOT,2213-004,88200
Below the Line,Sub cuenta,,2285,35000
Below the Line,Detalle,,2285-002,0
Below the Line,Detalle,ALL SHOW,2285-003,35000
Below the Line,Cuenta General,,2300,1427550
Below the Line,Sub cuenta,,2310,116550
Below the Line,Detalle,,2310-002,0
Below the Line,Detalle,PREP,2310-003,14700
Below the Line,Detalle,SHOOT,2310-004,51450
Below the Line,Detalle,WRAP,2310-005,0
Below the Line,Detalle,,2310-008,0
Below the Line,Detalle,PREP,2310-009,6300
Below the Line,Detalle,SHOOT,2310-010,44100
Below the Line,Detalle,WRAP,2310-011,0
Below the Line,Sub cuenta,,2311,125000
Below the Line,Detalle,,2311-002,0
Below the Line,Detalle,ALL SHOW,2311-003,60000
Below the Line,Detalle,ALL SHOW,2311-004,5000
Below the Line,Detalle,ALL SHOW,2311-005,60000
Below the Line,Sub cuenta,,2385,60000
Below the Line,Detalle,,2385-002,0
Below the Line,Detalle,ALL SHOW,2385-003,60000
Below the Line,Sub cuenta,,2390,66000
Below the Line,Detalle,,2390-002,0
Below the Line,Detalle,PREP,2390-003,18000
Below the Line,Detalle,SHOOT,2390-004,42000
Below the Line,Detalle,WRAP,2390-005,6000
Below the Line,Sub cuenta,,2394,1000000
Below the Line,Detalle,,2394-002,0
Below the Line,Detalle,,2394-004,0
Below the Line,Detalle,SHOOT,2394-005,450000
Below the Line,Detalle,,2394-008,0
Below the Line,Detalle,SHOOT,2394-009,70000
Below the Line,Detalle,,2394-012,0
Below the Line,Detalle,SHOOT,2394-013,40000
Below the Line,Detalle,,2394-016,0
Below the Line,Detalle,SHOOT,2394-017,20000
Below the Line,Detalle,,2394-020,0
Below the Line,Detalle,SHOOT,2394-021,100000
Below the Line,Detalle,,2394-024,0
Below the Line,Detalle,SHOOT,2394-025,15000
Below the Line,Detalle,,2394-028,0
Below the Line,Detalle,SHOOT,2394-029,25000
Below the Line,Detalle,,2394-032,0
Below the Line,Detalle,SHOOT,2394-033,20000
Below the Line,Detalle,,2394-036,0
Below the Line,Detalle,SHOOT,2394-037,30000
Below the Line,Detalle,,2394-040,0
Below the Line,Detalle,SHOOT,2394-041,20000
Below the Line,Detalle,,2394-044,0
Below the Line,Detalle,SHOOT,2394-045,20000
Below the Line,Detalle,,2394-048,0
Below the Line,Detalle,SHOOT,2394-049,30000
Below the Line,Detalle,,2394-052,0
Below the Line,Detalle,SHOOT,2394-053,15000
Below the Line,Detalle,,2394-056,0
Below the Line,Detalle,SHOOT,2394-057,10000
Below the Line,Detalle,,2394-060,0
Below the Line,Detalle,SHOOT,2394-061,20000
Below the Line,Detalle,,2394-064,0
Below the Line,Detalle,SHOOT,2394-065,10000
Below the Line,Detalle,,2394-068,0
Below the Line,Detalle,SHOOT,2394-069,40000
Below the Line,Detalle,,2394-072,0
Below the Line,Detalle,SHOOT,2394-073,65000
Below the Line,Sub cuenta,,2398,60000
Below the Line,Detalle,,2398-002,0
Below the Line,Detalle,SHOOT,2398-003,60000
Below the Line,Cuenta General,,2400,5268025
Below the Line,Sub cuenta,,2401,788425
Below the Line,Detalle,,2401-002,0
Below the Line,Detalle,PREP,2401-003,124950
Below the Line,Detalle,SHOOT,2401-004,124950
Below the Line,Detalle,WRAP,2401-005,35700
Below the Line,Detalle,,2401-008,0
Below the Line,Detalle,PREP,2401-009,40000
Below the Line,Detalle,WRAP,2401-010,10000
Below the Line,Detalle,,2401-013,0
Below the Line,Detalle,PREP,2401-014,44625
Below the Line,Detalle,SHOOT,2401-015,62475
Below the Line,Detalle,WRAP,2401-016,8925
Below the Line,Detalle,,2401-019,0
Below the Line,Detalle,PREP,2401-020,35700
Below the Line,Detalle,SHOOT,2401-021,62475
Below the Line,Detalle,WRAP,2401-022,8925
Below the Line,Detalle,,2401-025,0
Below the Line,Detalle,PREP,2401-026,29400
Below the Line,Detalle,SHOOT,2401-027,51450
Below the Line,Detalle,WRAP,2401-028,7350
Below the Line,Detalle,,2401-031,0
Below the Line,Detalle,PREP,2401-032,22050
Below the Line,Detalle,SHOOT,2401-033,51450
Below the Line,Detalle,,2401-036,0
Below the Line,Detalle,2nd Unit,2401-037,8500
Below the Line,Detalle,2nd Unit,2401-038,17000
Below the Line,Detalle,2nd Unit,2401-039,8500
Below the Line,Detalle,,2401-042,0
Below the Line,Detalle,2nd Unit,2401-043,8500
Below the Line,Detalle,2nd Unit,2401-044,17000
Below the Line,Detalle,2nd Unit,2401-045,8500
Below the Line,Sub cuenta,,2402,88200
Below the Line,Detalle,,2402-002,0
Below the Line,Detalle,PREP,2402-003,21000
Below the Line,Detalle,SHOOT,2402-004,58800
Below the Line,Detalle,WRAP,2402-005,8400
Below the Line,Sub cuenta,,2403,358650
Below the Line,Detalle,,2403-002,0
Below the Line,Detalle,PREP,2403-003,23625
Below the Line,Detalle,SHOOT,2403-004,55125
Below the Line,Detalle,WRAP,2403-005,7875
Below the Line,Detalle,,2403-008,0
Below the Line,Detalle,PREP,2403-009,15750
Below the Line,Detalle,SHOOT,2403-010,55125
Below the Line,Detalle,WRAP,2403-011,7875
Below the Line,Detalle,,2403-014,0
Below the Line,Detalle,PREP,2403-015,7875
Below the Line,Detalle,SHOOT,2403-016,55125
Below the Line,Detalle,WRAP,2403-017,7875
Below the Line,Detalle,,2403-020,0
Below the Line,Detalle,PREP,2403-021,31200
Below the Line,Detalle,WRAP,2403-022,31200
Below the Line,Detalle,,2403-025,0
Below the Line,Detalle,2nd Unit,2403-026,7500
Below the Line,Detalle,2nd Unit,2403-027,15000
Below the Line,Detalle,2nd Unit,2403-028,7500
Below the Line,Detalle,,2403-031,0
Below the Line,Detalle,2nd Unit,2403-032,7500
Below the Line,Detalle,2nd Unit,2403-033,15000
Below the Line,Detalle,2nd Unit,2403-034,7500
Below the Line,Sub cuenta,,2405,301020
Below the Line,Detalle,,2405-002,0
Below the Line,Detalle,PREP,2405-003,10290
Below the Line,Detalle,SHOOT,2405-004,72030
Below the Line,Detalle,,2405-007,0
Below the Line,Detalle,PREP,2405-008,8400
Below the Line,Detalle,SHOOT,2405-009,58800
Below the Line,Detalle,,2405-012,0
Below the Line,Detalle,2nd Unit,2405-013,8000
Below the Line,Detalle,2nd Unit,2405-014,16000
Below the Line,Detalle,2nd Unit,2405-015,0
Below the Line,Detalle,,2405-018,0
Below the Line,Detalle,2nd Unit,2405-019,7500
Below the Line,Detalle,2nd Unit,2405-020,15000
Below the Line,Detalle,2nd Unit,2405-021,0
Below the Line,Detalle,,2405-024,0
Below the Line,Detalle,SHOOT,2405-025,105000
Below the Line,Sub cuenta,,2485,144000
Below the Line,Detalle,,2485-002,0
Below the Line,Detalle,ALL SHOW,2485-003,100000
Below the Line,Detalle,ALL SHOW,2485-004,44000
Below the Line,Sub cuenta,,2490,120000
Below the Line,Detalle,,2490-002,0
Below the Line,Detalle,PREP,2490-003,45000
Below the Line,Detalle,SHOOT,2490-004,63000
Below the Line,Detalle,WRAP,2490-005,12000
Below the Line,Sub cuenta,,2494,3001630
Below the Line,Detalle,,2494-002,0
Below the Line,Detalle,SHOOT,2494-003,978000
Below the Line,Detalle,,2494-006,0
Below the Line,Detalle,SHOOT,2494-007,350000
Below the Line,Detalle,,2494-010,0
Below the Line,Detalle,SHOOT,2494-011,60000
Below the Line,Detalle,,2494-014,0
Below the Line,Detalle,SHOOT,2494-015,40000
Below the Line,Detalle,,2494-018,0
Below the Line,Detalle,SHOOT,2494-019,30000
Below the Line,Detalle,,2494-022,0
Below the Line,Detalle,SHOOT,2494-023,100000
Below the Line,Detalle,,2494-026,0
Below the Line,Detalle,SHOOT,2494-027,60000
Below the Line,Detalle,,2494-030,0
Below the Line,Detalle,SHOOT,2494-031,90000
Below the Line,Detalle,,2494-034,0
Below the Line,Detalle,SHOOT,2494-035,87000
Below the Line,Detalle,,2494-038,0
Below the Line,Detalle,SHOOT,2494-039,60000
Below the Line,Detalle,,2494-042,0
Below the Line,Detalle,SHOOT,2494-043,90000
Below the Line,Detalle,,2494-046,0
Below the Line,Detalle,SHOOT,2494-047,90000
Below the Line,Detalle,,2494-050,0
Below the Line,Detalle,SHOOT,2494-051,30000
Below the Line,Detalle,,2494-054,0
Below the Line,Detalle,SHOOT,2494-055,65000
Below the Line,Detalle,,2494-058,0
Below the Line,Detalle,SHOOT,2494-059,100000
Below the Line,Detalle,,2494-062,0
Below the Line,Detalle,SHOOT,2494-063,50000
Below the Line,Detalle,,2494-066,0
Below the Line,Detalle,SHOOT,2494-067,400000
Below the Line,Detalle,,2494-070,0
Below the Line,Detalle,SHOOT,2494-071,214000
Below the Line,Detalle,,2494-074,0
Below the Line,Detalle,ALL SHOW,2494-075,107630
Below the Line,Sub cuenta,,2495,366100
Below the Line,Detalle,,2495-002,0
Below the Line,Detalle,ALL SHOW,2495-003,225000
Below the Line,Detalle,,2495-006,0
Below the Line,Detalle,PREP,2495-007,30000
Below the Line,Detalle,,2495-010,0
Below the Line,Detalle,PREP,2495-011,18900
Below the Line,Detalle,SHOOT,2495-012,44100
Below the Line,Detalle,WRAP,2495-013,12600
Below the Line,Detalle,,2495-016,0
Below the Line,Detalle,ALL SHOW,2495-017,30000
Below the Line,Detalle,,2495-020,0
Below the Line,Detalle,ALL SHOW,2495-021,5500
Below the Line,Sub cuenta,,2498,100000
Below the Line,Detalle,,2498-002,0
Below the Line,Detalle,ALL SHOW,2498-003,100000
Below the Line,Cuenta General,,2500,1009000
Below the Line,Sub cuenta,,2501,360500
Below the Line,Detalle,,2501-002,0
Below the Line,Detalle,PREP,2501-003,85000
Below the Line,Detalle,SHOOT,2501-004,119000
Below the Line,Detalle,WRAP,2501-005,34000
Below the Line,Detalle,,2501-008,0
Below the Line,Detalle,PREP,2501-009,39200
Below the Line,Detalle,SHOOT,2501-010,68600
Below the Line,Detalle,WRAP,2501-011,14700
Below the Line,Sub cuenta,,2502,111000
Below the Line,Detalle,,2502-002,0
Below the Line,Detalle,PREP,2502-003,24000
Below the Line,Detalle,SHOOT,2502-004,56000
Below the Line,Detalle,,2502-007,0
Below the Line,Detalle,2nd Unit,2502-008,16000
Below the Line,Detalle,,2502-011,0
Below the Line,Detalle,2nd Unit,2502-012,15000
Below the Line,Sub cuenta,,2508,102500
Below the Line,Detalle,,2508-002,0
Below the Line,Detalle,SHOOT,2508-003,52500
Below the Line,Detalle,,2508-006,0
Below the Line,Detalle,ALL SHOW,2508-007,50000
Below the Line,Sub cuenta,,2585,85000
Below the Line,Detalle,,2585-002,0
Below the Line,Detalle,ALL SHOW,2585-003,85000
Below the Line,Sub cuenta,,2594,310000
Below the Line,Detalle,,2594-002,0
Below the Line,Detalle,ALL SHOW,2594-003,310000
Below the Line,Sub cuenta,,2598,40000
Below the Line,Detalle,,2598-002,0
Below the Line,Detalle,ALL SHOW,2598-003,40000
Below the Line,Cuenta General,,2600,1115250
Below the Line,Sub cuenta,,2601,61900
Below the Line,Detalle,,2601-002,0
Below the Line,Detalle,SHOOT,2601-003,47500
Below the Line,Detalle,,2601-006,0
Below the Line,Detalle,SHOOT,2601-007,14400
Below the Line,Sub cuenta,,2602,660900
Below the Line,Detalle,,2602-002,0
Below the Line,Detalle,SHOOT,2602-003,45000
Below the Line,Detalle,SHOOT,2602-004,36000
Below the Line,Detalle,SHOOT,2602-005,96000
Below the Line,Detalle,SHOOT,2602-006,67200
Below the Line,Detalle,SHOOT,2602-007,24000
Below the Line,Detalle,SHOOT,2602-008,16000
Below the Line,Detalle,SHOOT,2602-009,12000
Below the Line,Detalle,SHOOT,2602-010,9500
Below the Line,Detalle,SHOOT,2602-011,14000
Below the Line,Detalle,SHOOT,2602-012,12000
Below the Line,Detalle,SHOOT,2602-013,12000
Below the Line,Detalle,SHOOT,2602-014,14400
Below the Line,Detalle,SHOOT,2602-015,12000
Below the Line,Detalle,SHOOT,2602-016,25200
Below the Line,Detalle,SHOOT,2602-017,24000
Below the Line,Detalle,SHOOT,2602-018,56000
Below the Line,Detalle,SHOOT,2602-019,48000
Below the Line,Detalle,SHOOT,2602-020,70000
Below the Line,Detalle,SHOOT,2602-021,33600
Below the Line,Detalle,SHOOT,2602-022,34000
Below the Line,Detalle,SHOOT,2602-023,
Below the Line,Sub cuenta,,2621,63600
Below the Line,Detalle,,2621-002,0
Below the Line,Detalle,PREP,2621-003,10000
Below the Line,Detalle,SHOOT,2621-004,53600
Below the Line,Sub cuenta,,2623,303850
Below the Line,Detalle,,2623-002,0
Below the Line,Detalle,SHOOT,2623-003,30000
Below the Line,Detalle,SHOOT,2623-004,30000
Below the Line,Detalle,SHOOT,2623-005,40000
Below the Line,Detalle,SHOOT,2623-006,40000
Below the Line,Detalle,SHOOT,2623-007,36000
Below the Line,Detalle,SHOOT,2623-008,10000
Below the Line,Detalle,,2623-011,0
Below the Line,Detalle,SHOOT,2623-012,5250
Below the Line,Detalle,SHOOT,2623-013,15200
Below the Line,Detalle,SHOOT,2623-014,21000
Below the Line,Detalle,SHOOT,2623-015,14400
Below the Line,Detalle,SHOOT,2623-016,5200
Below the Line,Detalle,SHOOT,2623-017,15600
Below the Line,Detalle,SHOOT,2623-018,38000
Below the Line,Detalle,SHOOT,2623-019,3200
Below the Line,Sub cuenta,,2693,25000
Below the Line,Detalle,,2693-002,0
Below the Line,Detalle,ALL SHOW,2693-003,25000
Below the Line,Cuenta General,,2700,2972500
Below the Line,Sub cuenta,,2701,382500
Below the Line,Detalle,,2701-002,0
Below the Line,Detalle,PREP,2701-003,202500
Below the Line,Detalle,SHOOT,2701-004,157500
Below the Line,Detalle,WRAP,2701-005,22500
Below the Line,Sub cuenta,,2703,160000
Below the Line,Detalle,,2703-002,0
Below the Line,Detalle,PREP,2703-003,70000
Below the Line,Detalle,SHOOT,2703-004,70000
Below the Line,Detalle,WRAP,2703-005,20000
Below the Line,Sub cuenta,,2705,252000
Below the Line,Detalle,,2705-002,0
Below the Line,Detalle,PREP,2705-003,126000
Below the Line,Detalle,SHOOT,2705-004,98000
Below the Line,Detalle,WRAP,2705-005,28000
Below the Line,Sub cuenta,,2706,120000
Below the Line,Detalle,,2706-002,0
Below the Line,Detalle,PREP,2706-003,24000
Below the Line,Detalle,SHOOT,2706-004,56000
Below the Line,Detalle,WRAP,2706-005,16000
Below the Line,Detalle,,2706-008,0
Below the Line,Detalle,2nd Unit,2706-009,8000
Below the Line,Detalle,2nd Unit,2706-010,16000
Below the Line,Detalle,2nd Unit,2706-011,0
Below the Line,Sub cuenta,,2707,229000
Below the Line,Detalle,,2707-002,0
Below the Line,Detalle,PREP,2707-003,22500
Below the Line,Detalle,SHOOT,2707-004,52500
Below the Line,Detalle,WRAP,2707-005,15000
Below the Line,Detalle,,2707-008,0
Below the Line,Detalle,PREP,2707-009,34500
Below the Line,Detalle,,2707-012,0
Below the Line,Detalle,2nd Unit,2707-013,10000
Below the Line,Detalle,2nd Unit,2707-014,20000
Below the Line,Detalle,2nd Unit,2707-015,10000
Below the Line,Detalle,,2707-018,0
Below the Line,Detalle,2nd Unit,2707-019,7500
Below the Line,Detalle,2nd Unit,2707-020,15000
Below the Line,Detalle,2nd Unit,2707-021,7500
Below the Line,Detalle,,2707-024,0
Below the Line,Detalle,SHOOT,2707-025,34500
Below the Line,Sub cuenta,,2709,10000
Below the Line,Detalle,,2709-002,0
Below the Line,Detalle,PREP,2709-003,10000
Below the Line,Sub cuenta,,2794,1500000
Below the Line,Detalle,,2794-002,0
Below the Line,Detalle,SHOOT,2794-003,1500000
Below the Line,Sub cuenta,,2795,299000
Below the Line,Detalle,,2795-002,0
Below the Line,Detalle,ALL SHOW,2795-003,140000
Below the Line,Detalle,,2795-006,0
Below the Line,Detalle,ALL SHOW,2795-007,15000
Below the Line,Detalle,,2795-010,0
Below the Line,Detalle,PREP,2795-011,63000
Below the Line,Detalle,SHOOT,2795-012,63000
Below the Line,Detalle,WRAP,2795-013,18000
Below the Line,Sub cuenta,,2798,20000
Below the Line,Detalle,,2798-002,0
Below the Line,Detalle,ALL SHOW,2798-003,20000
Below the Line,Cuenta General,,2800,1208200
Below the Line,Sub cuenta,,2801,474900
Below the Line,Detalle,,2801-002,0
Below the Line,Detalle,PREP,2801-003,147000
Below the Line,Detalle,SHOOT,2801-004,147000
Below the Line,Detalle,WRAP,2801-005,21000
Below the Line,Detalle,,2801-008,0
Below the Line,Detalle,PREP,2801-009,61500
Below the Line,Detalle,SHOOT,2801-010,86100
Below the Line,Detalle,WRAP,2801-011,12300
Below the Line,Sub cuenta,,2802,253400
Below the Line,Detalle,,2802-002,0
Below the Line,Detalle,PREP,2802-003,36000
Below the Line,Detalle,SHOOT,2802-004,84000
Below the Line,Detalle,WRAP,2802-005,0
Below the Line,Detalle,,2802-008,0
Below the Line,Detalle,PREP,2802-009,10300
Below the Line,Detalle,SHOOT,2802-010,72100
Below the Line,Detalle,,2802-013,0
Below the Line,Detalle,2nd Unit,2802-014,9000
Below the Line,Detalle,2nd Unit,2802-015,18000
Below the Line,Detalle,2nd Unit,2802-016,0
Below the Line,Detalle,,2802-019,0
Below the Line,Detalle,2nd Unit,2802-020,8000
Below the Line,Detalle,2nd Unit,2802-021,16000
Below the Line,Detalle,2nd Unit,2802-022,0
Below the Line,Sub cuenta,,2804,120000
Below the Line,Detalle,,2804-002,0
Below the Line,Detalle,PREP,2804-003,36000
Below the Line,Detalle,SHOOT,2804-004,84000
Below the Line,Detalle,WRAP,2804-005,0
Below the Line,Sub cuenta,,2805,159900
Below the Line,Detalle,,2805-002,0
Below the Line,Detalle,PREP,2805-003,9300
Below the Line,Detalle,SHOOT,2805-004,65100
Below the Line,Detalle,WRAP,2805-005,0
Below the Line,Detalle,,2805-008,0
Below the Line,Detalle,2nd Unit,2805-009,8000
Below the Line,Detalle,2nd Unit,2805-010,16000
Below the Line,Detalle,,2805-013,0
Below the Line,Detalle,2nd Unit,2805-014,8000
Below the Line,Detalle,2nd Unit,2805-015,16000
Below the Line,Detalle,,2805-018,0
Below the Line,Detalle,SHOOT,2805-019,37500
Below the Line,Sub cuenta,,2808,120000
Below the Line,Detalle,,2808-002,0
Below the Line,Detalle,ALL SHOW,2808-003,120000
Below the Line,Sub cuenta,,2885,80000
Below the Line,Detalle,,2885-002,0
Below the Line,Detalle,ALL SHOW,2885-003,80000
Below the Line,Cuenta General,,2900,630387
Below the Line,Sub cuenta,,2902,411637
Below the Line,Detalle,,2902-002,0
Below the Line,Detalle,PREP,2902-003,3579.45
Below the Line,Detalle,SHOOT,2902-004,100224.6
Below the Line,Detalle,WRAP,2902-005,7158.9
Below the Line,Detalle,,2902-008,0
Below the Line,Detalle,PREP,2902-009,0
Below the Line,Detalle,SHOOT,2902-010,100224.6
Below the Line,Detalle,WRAP,2902-011,7158.9
Below the Line,Detalle,,2902-014,0
Below the Line,Detalle,PREP,2902-015,0
Below the Line,Detalle,SHOOT,2902-016,100224.6
Below the Line,Detalle,WRAP,2902-017,7158.9
Below the Line,Detalle,,2902-020,0
Below the Line,Detalle,2nd Unit,2902-021,7158.9
Below the Line,Detalle,2nd Unit,2902-022,28635.6
Below the Line,Detalle,2nd Unit,2902-023,7158.9
Below the Line,Detalle,,2902-026,0
Below the Line,Detalle,2nd Unit,2902-027,7158.9
Below the Line,Detalle,2nd Unit,2902-028,28635.6
Below the Line,Detalle,2nd Unit,2902-029,7158.9
Below the Line,Sub cuenta,,2911,60000
Below the Line,Detalle,,2911-002,0
Below the Line,Detalle,SHOOT,2911-003,60000
Below the Line,Sub cuenta,,2985,78750
Below the Line,Detalle,,2985-002,0
Below the Line,Detalle,ALL SHOW,2985-003,78750
Below the Line,Sub cuenta,,2998,80000
Below the Line,Detalle,Fringes,2998-001,0
Below the Line,Detalle,,2998-002,0
Below the Line,Detalle,ALL SHOW,2998-003,80000
Below the Line,Cuenta General,,3000,1624362
Below the Line,Sub cuenta,,3001,211466
Below the Line,Detalle,,3001-002,0
Below the Line,Detalle,PREP,3001-003,17622.15
Below the Line,Detalle,SHOOT,3001-004,123355.05
Below the Line,Detalle,WRAP,3001-005,17622.15
Below the Line,Detalle,,3001-008,0
Below the Line,Detalle,2nd Unit,3001-009,8811.08
Below the Line,Detalle,2nd Unit,3001-010,35244.3
Below the Line,Detalle,2nd Unit,3001-011,8811.08
Below the Line,Sub cuenta,,3002,418796
Below the Line,Detalle,,3002-002,0
Below the Line,Detalle,PREP,3002-003,3579.45
Below the Line,Detalle,SHOOT,3002-004,100224.6
Below the Line,Detalle,WRAP,3002-005,7158.9
Below the Line,Detalle,,3002-008,0
Below the Line,Detalle,PREP,3002-009,3579.45
Below the Line,Detalle,SHOOT,3002-010,100224.6
Below the Line,Detalle,WRAP,3002-011,7158.9
Below the Line,Detalle,,3002-014,0
Below the Line,Detalle,PREP,3002-015,3579.45
Below the Line,Detalle,SHOOT,3002-016,100224.6
Below the Line,Detalle,WRAP,3002-017,7158.9
Below the Line,Detalle,,3002-020,0
Below the Line,Detalle,2nd Unit,3002-021,0
Below the Line,Detalle,2nd Unit,3002-022,28635.6
Below the Line,Detalle,2nd Unit,3002-023,0
Below the Line,Detalle,,3002-026,0
Below the Line,Detalle,2nd Unit,3002-027,0
Below the Line,Detalle,2nd Unit,3002-028,28635.6
Below the Line,Detalle,2nd Unit,3002-029,0
Below the Line,Detalle,,3002-032,0
Below the Line,Detalle,2nd Unit,3002-033,0
Below the Line,Detalle,2nd Unit,3002-034,28635.6
Below the Line,Detalle,2nd Unit,3002-035,0
Below the Line,Sub cuenta,,3003,468050
Below the Line,Detalle,,3003-002,0
Below the Line,Detalle,PREP,3003-003,6037.5
Below the Line,Detalle,SHOOT,3003-004,84525
Below the Line,Detalle,WRAP,3003-005,6037.5
Below the Line,Detalle,,3003-008,0
Below the Line,Detalle,PREP,3003-009,4887.5
Below the Line,Detalle,SHOOT,3003-010,68425
Below the Line,Detalle,WRAP,3003-011,4887.5
Below the Line,Detalle,,3003-014,0
Below the Line,Detalle,PREP,3003-015,5175
Below the Line,Detalle,SHOOT,3003-016,72450
Below the Line,Detalle,WRAP,3003-017,5175
Below the Line,Detalle,,3003-020,0
Below the Line,Detalle,PREP,3003-021,5175
Below the Line,Detalle,SHOOT,3003-022,72450
Below the Line,Detalle,WRAP,3003-023,5175
Below the Line,Detalle,,3003-026,0
Below the Line,Detalle,2nd Unit,3003-027,6037.5
Below the Line,Detalle,2nd Unit,3003-028,24150
Below the Line,Detalle,2nd Unit,3003-029,6037.5
Below the Line,Detalle,,3003-032,0
Below the Line,Detalle,2nd Unit,3003-033,4887.5
Below the Line,Detalle,2nd Unit,3003-034,19550
Below the Line,Detalle,2nd Unit,3003-035,4887.5
Below the Line,Detalle,,3003-038,0
Below the Line,Detalle,2nd Unit,3003-039,5175
Below the Line,Detalle,2nd Unit,3003-040,20700
Below the Line,Detalle,2nd Unit,3003-041,5175
Below the Line,Detalle,,3003-044,0
Below the Line,Detalle,2nd Unit,3003-045,5175
Below the Line,Detalle,2nd Unit,3003-046,20700
Below the Line,Detalle,2nd Unit,3003-047,5175
Below the Line,Sub cuenta,,3004,117300
Below the Line,Detalle,,3004-002,0
Below the Line,Detalle,PREP,3004-003,0
Below the Line,Detalle,SHOOT,3004-004,68425
Below the Line,Detalle,WRAP,3004-005,4887.5
Below the Line,Detalle,,3004-008,0
Below the Line,Detalle,PREP,3004-009,0
Below the Line,Detalle,SHOOT,3004-010,19550
Below the Line,Detalle,WRAP,3004-011,4887.5
Below the Line,Detalle,,3004-014,0
Below the Line,Detalle,2nd Unit,3004-015,0
Below the Line,Detalle,2nd Unit,3004-016,19550
Below the Line,Detalle,2nd Unit,3004-017,0
Below the Line,Sub cuenta,,3085,235000
Below the Line,Detalle,,3085-002,0
Below the Line,Detalle,ALL SHOW,3085-003,115000
Below the Line,Detalle,ALL SHOW,3085-004,120000
Below the Line,Sub cuenta,,3091,93750
Below the Line,Detalle,,3091-002,0
Below the Line,Detalle,SHOOT,3091-003,60000
Below the Line,Detalle,,3091-006,0
Below the Line,Detalle,2nd Unit,3091-007,33750
Below the Line,Sub cuenta,,3098,80000
Below the Line,Detalle,,3098-002,0
Below the Line,Detalle,ALL SHOW,3098-003,80000
Below the Line,Cuenta General,,3100,11484172
Below the Line,Sub cuenta,,3101,989000
Below the Line,Detalle,,3101-002,0
Below the Line,Detalle,SOFT,3101-003,21000
Below the Line,Detalle,PREP,3101-004,378000
Below the Line,Detalle,SHOOT,3101-005,367500
Below the Line,Detalle,WRAP,3101-006,100000
Below the Line,Detalle,,3101-009,0
Below the Line,Detalle,2nd Unit,3101-010,52500
Below the Line,Detalle,2nd Unit,3101-011,70000
Below the Line,Detalle,2nd Unit,3101-013,
Below the Line,Sub cuenta,,3102,605208
Below the Line,Detalle,,3102-002,0
Below the Line,Detalle,PREP,3102-003,13125
Below the Line,Detalle,SHOOT,3102-004,183750
Below the Line,Detalle,WRAP,3102-005,0
Below the Line,Detalle,,3102-008,0
Below the Line,Detalle,PREP,3102-009,13125
Below the Line,Detalle,SHOOT,3102-010,183750
Below the Line,Detalle,WRAP,3102-011,0
Below the Line,Detalle,,3102-014,0
Below the Line,Detalle,2nd Unit,3102-015,13125
Below the Line,Detalle,2nd Unit,3102-016,52500
Below the Line,Detalle,,3102-019,0
Below the Line,Detalle,2nd Unit,3102-020,13125
Below the Line,Detalle,2nd Unit,3102-021,52500
Below the Line,Detalle,,3102-024,0
Below the Line,Detalle,SHOOT,3102-025,75833.29
Below the Line,Detalle,,3102-028,0
Below the Line,Detalle,SHOOT,3102-029,4375
Below the Line,Detalle,SHOOT,3102-031,
Below the Line,Sub cuenta,,3104,490917
Below the Line,Detalle,,3104-002,0
Below the Line,Detalle,PREP,3104-003,21500
Below the Line,Detalle,SHOOT,3104-004,150500
Below the Line,Detalle,,3104-007,0
Below the Line,Detalle,PREP,3104-008,10750
Below the Line,Detalle,SHOOT,3104-009,150500
Below the Line,Detalle,,3104-012,0
Below the Line,Detalle,2nd Unit,3104-013,10750
Below the Line,Detalle,2nd Unit,3104-014,43000
Below the Line,Detalle,,3104-017,0
Below the Line,Detalle,2nd Unit,3104-018,10750
Below the Line,Detalle,2nd Unit,3104-019,43000
Below the Line,Detalle,,3104-022,0
Below the Line,Detalle,SHOOT,3104-023,46583.29
Below the Line,Detalle,,3104-026,0
Below the Line,Detalle,SHOOT,3104-027,3583.33
Below the Line,Detalle,SHOOT,3104-029,
Below the Line,Sub cuenta,,3108,126000
Below the Line,Detalle,,3108-002,0
Below the Line,Detalle,PREP,3108-003,0
Below the Line,Detalle,SHOOT,3108-004,98000
Below the Line,Detalle,,3108-007,0
Below the Line,Detalle,2nd Unit,3108-008,28000
Below the Line,Sub cuenta,,3109,174750
Below the Line,Detalle,,3109-002,0
Below the Line,Detalle,PREP,3109-003,9250
Below the Line,Detalle,SHOOT,3109-004,129500
Below the Line,Detalle,,3109-007,0
Below the Line,Detalle,2nd Unit,3109-008,36000
Below the Line,Detalle,2nd Unit,3109-010,
Below the Line,Sub cuenta,,3110,125000
Below the Line,Detalle,,3110-002,0
Below the Line,Detalle,SHOOT,3110-003,125000
Below the Line,Sub cuenta,,3112,272000
Below the Line,Detalle,,3112-002,0
Below the Line,Detalle,SHOOT,3112-003,238000
Below the Line,Detalle,,3112-006,0
Below the Line,Detalle,2nd Unit,3112-007,34000
Below the Line,Sub cuenta,,3145,837000
Below the Line,Detalle,,3145-002,0
Below the Line,Detalle,PREP,3145-003,8625
Below the Line,Detalle,SHOOT,3145-004,120750
Below the Line,Detalle,WRAP,3145-005,8625
Below the Line,Detalle,,3145-008,0
Below the Line,Detalle,PREP,3145-009,8625
Below the Line,Detalle,SHOOT,3145-010,120750
Below the Line,Detalle,WRAP,3145-011,8625
Below the Line,Detalle,,3145-014,0
Below the Line,Detalle,PREP,3145-015,7500
Below the Line,Detalle,SHOOT,3145-016,105000
Below the Line,Detalle,,3145-019,0
Below the Line,Detalle,PREP,3145-020,7500
Below the Line,Detalle,SHOOT,3145-021,105000
Below the Line,Detalle,,3145-024,0
Below the Line,Detalle,PREP,3145-025,7500
Below the Line,Detalle,SHOOT,3145-026,105000
Below the Line,Detalle,,3145-029,0
Below the Line,Detalle,PREP,3145-030,3750
Below the Line,Detalle,SHOOT,3145-031,52500
Below the Line,Detalle,,3145-034,0
Below the Line,Detalle,SHOOT,3145-035,9000
Below the Line,Detalle,,3145-038,0
Below the Line,Detalle,2nd Unit,3145-039,8625
Below the Line,Detalle,2nd Unit,3145-040,34500
Below the Line,Detalle,2nd Unit,3145-041,8625
Below the Line,Detalle,,3145-044,0
Below the Line,Detalle,2nd Unit,3145-045,8625
Below the Line,Detalle,2nd Unit,3145-046,34500
Below the Line,Detalle,2nd Unit,3145-047,8625
Below the Line,Detalle,,3145-050,0
Below the Line,Detalle,2nd Unit,3145-051,7500
Below the Line,Detalle,2nd Unit,3145-052,30000
Below the Line,Detalle,,3145-055,0
Below the Line,Detalle,SHOOT,3145-056,0
Below the Line,Detalle,,3145-059,0
Below the Line,Detalle,SHOOT,3145-060,8625
Below the Line,Detalle,,3145-063,0
Below the Line,Detalle,SHOOT,3145-064,8625
Below the Line,Detalle,SHOOT,3145-066,
Below the Line,Detalle,SHOOT,3145-068,
Below the Line,Detalle,SHOOT,3145-070,
Below the Line,Sub cuenta,,3185,120000
Below the Line,Detalle,,3185-002,0
Below the Line,Detalle,ALL SHOW,3185-003,120000
Below the Line,Sub cuenta,,3192,324000
Below the Line,Detalle,,3192-002,0
Below the Line,Detalle,SHOOT,3192-003,0
Below the Line,Detalle,SHOOT,3192-004,0
Below the Line,Detalle,SHOOT,3192-005,0
Below the Line,Detalle,SHOOT,3192-006,0
Below the Line,Detalle,SHOOT,3192-007,0
Below the Line,Detalle,SHOOT,3192-008,0
Below the Line,Detalle,SHOOT,3192-009,0
Below the Line,Detalle,SHOOT,3192-010,0
Below the Line,Detalle,SHOOT,3192-011,0
Below the Line,Detalle,SHOOT,3192-012,0
Below the Line,Detalle,SHOOT,3192-013,0
Below the Line,Detalle,SHOOT,3192-014,0
Below the Line,Detalle,SHOOT,3192-015,252000
Below the Line,Detalle,,3192-018,0
Below the Line,Detalle,2nd Unit,3192-019,72000
Below the Line,Detalle,2nd Unit,3192-021,
Below the Line,Sub cuenta,,3193,7120297
Below the Line,Detalle,,3193-002,0
Below the Line,Detalle,,3193-004,0
Below the Line,Detalle,SHOOT,3193-005,0
Below the Line,Detalle,SHOOT,3193-006,0
Below the Line,Detalle,SHOOT,3193-007,0
Below the Line,Detalle,SHOOT,3193-008,0
Below the Line,Detalle,SHOOT,3193-009,0
Below the Line,Detalle,SHOOT,3193-010,0
Below the Line,Detalle,SHOOT,3193-011,0
Below the Line,Detalle,SHOOT,3193-012,0
Below the Line,Detalle,SHOOT,3193-013,0
Below the Line,Detalle,SHOOT,3193-014,0
Below the Line,Detalle,SHOOT,3193-015,0
Below the Line,Detalle,SHOOT,3193-016,0
Below the Line,Detalle,SHOOT,3193-017,0
Below the Line,Detalle,SHOOT,3193-018,0
Below the Line,Detalle,SHOOT,3193-019,0
Below the Line,Detalle,SHOOT,3193-020,0
Below the Line,Detalle,SHOOT,3193-021,0
Below the Line,Detalle,SHOOT,3193-022,0
Below the Line,Detalle,SHOOT,3193-023,0
Below the Line,Detalle,SHOOT,3193-024,0
Below the Line,Detalle,SHOOT,3193-025,0
Below the Line,Detalle,SHOOT,3193-026,0
Below the Line,Detalle,SHOOT,3193-027,0
Below the Line,Detalle,SHOOT,3193-028,0
Below the Line,Detalle,SHOOT,3193-029,0
Below the Line,Detalle,SHOOT,3193-030,0
Below the Line,Detalle,SHOOT,3193-031,0
Below the Line,Detalle,SHOOT,3193-032,0
Below the Line,Detalle,SHOOT,3193-033,0
Below the Line,Detalle,SHOOT,3193-034,0
Below the Line,Detalle,SHOOT,3193-035,0
Below the Line,Detalle,SHOOT,3193-036,0
Below the Line,Detalle,SHOOT,3193-037,0
Below the Line,Detalle,SHOOT,3193-038,0
Below the Line,Detalle,SHOOT,3193-039,0
Below the Line,Detalle,SHOOT,3193-040,0
Below the Line,Detalle,SHOOT,3193-041,2414076
Below the Line,Detalle,,3193-044,0
Below the Line,Detalle,SHOOT,3193-045,2110037.4
Below the Line,Detalle,,3193-048,0
Below the Line,Detalle,2nd Unit,3193-049,0
Below the Line,Detalle,2nd Unit,3193-050,0
Below the Line,Detalle,2nd Unit,3193-051,0
Below the Line,Detalle,2nd Unit,3193-052,0
Below the Line,Detalle,2nd Unit,3193-053,0
Below the Line,Detalle,2nd Unit,3193-054,0
Below the Line,Detalle,2nd Unit,3193-055,0
Below the Line,Detalle,2nd Unit,3193-056,0
Below the Line,Detalle,2nd Unit,3193-057,0
Below the Line,Detalle,2nd Unit,3193-058,0
Below the Line,Detalle,2nd Unit,3193-059,0
Below the Line,Detalle,2nd Unit,3193-060,0
Below the Line,Detalle,2nd Unit,3193-061,0
Below the Line,Detalle,2nd Unit,3193-062,0
Below the Line,Detalle,2nd Unit,3193-063,0
Below the Line,Detalle,2nd Unit,3193-064,0
Below the Line,Detalle,2nd Unit,3193-065,0
Below the Line,Detalle,2nd Unit,3193-066,0
Below the Line,Detalle,2nd Unit,3193-067,0
Below the Line,Detalle,2nd Unit,3193-068,0
Below the Line,Detalle,2nd Unit,3193-069,0
Below the Line,Detalle,2nd Unit,3193-070,0
Below the Line,Detalle,2nd Unit,3193-071,0
Below the Line,Detalle,2nd Unit,3193-072,0
Below the Line,Detalle,2nd Unit,3193-073,0
Below the Line,Detalle,2nd Unit,3193-074,0
Below the Line,Detalle,2nd Unit,3193-075,0
Below the Line,Detalle,2nd Unit,3193-076,0
Below the Line,Detalle,2nd Unit,3193-077,0
Below the Line,Detalle,2nd Unit,3193-078,0
Below the Line,Detalle,2nd Unit,3193-079,0
Below the Line,Detalle,2nd Unit,3193-080,0
Below the Line,Detalle,2nd Unit,3193-081,0
Below the Line,Detalle,2nd Unit,3193-082,764239
Below the Line,Detalle,,3193-085,0
Below the Line,Detalle,2nd Unit,3193-086,253876
Below the Line,Detalle,,3193-089,0
Below the Line,Detalle,SHOOT,3193-090,286068.72
Below the Line,Detalle,,3193-093,0
Below the Line,Detalle,SHOOT,3193-094,172000
Below the Line,Detalle,,3193-097,0
Below the Line,Detalle,SHOOT,3193-098,119000
Below the Line,Detalle,SHOOT,3193-099,94500
Below the Line,Detalle,SHOOT,3193-100,0
Below the Line,Detalle,SHOOT,3193-101,49000
Below the Line,Detalle,SHOOT,3193-102,0
Below the Line,Detalle,SHOOT,3193-103,52500
Below the Line,Detalle,SHOOT,3193-104,49000
Below the Line,Detalle,SHOOT,3193-105,189000
Below the Line,Detalle,SHOOT,3193-106,120000
Below the Line,Detalle,SHOOT,3193-107,63000
Below the Line,Detalle,,3193-110,0
Below the Line,Detalle,SHOOT,3193-111,90000
Below the Line,Detalle,,3193-114,0
Below the Line,Detalle,2nd Unit,3193-115,294000
Below the Line,Detalle,2nd Unit,3193-117,
Below the Line,Detalle,2nd Unit,3193-119,
Below the Line,Sub cuenta,,3198,300000
Below the Line,Detalle,,3198-002,0
Below the Line,Detalle,SHOOT,3198-003,300000
Below the Line,Cuenta General,,3200,1139000
Below the Line,Sub cuenta,,3201,483500
Below the Line,Detalle,,3201-002,0
Below the Line,Detalle,PREP,3201-003,16000
Below the Line,Detalle,SHOOT,3201-004,112000
Below the Line,Detalle,SHOOT,3201-005,84000
Below the Line,Detalle,SHOOT,3201-006,63000
Below the Line,Detalle,SHOOT,3201-007,98000
Below the Line,Detalle,SHOOT,3201-008,8500
Below the Line,Detalle,,3201-011,0
Below the Line,Detalle,2nd Unit,3201-012,32000
Below the Line,Detalle,2nd Unit,3201-013,24000
Below the Line,Detalle,2nd Unit,3201-014,18000
Below the Line,Detalle,2nd Unit,3201-015,28000
Below the Line,Sub cuenta,,3220,462500
Below the Line,Detalle,,3220-002,0
Below the Line,Detalle,SHOOT,3220-003,294000
Below the Line,Detalle,,3220-006,0
Below the Line,Detalle,2nd Unit,3220-007,84000
Below the Line,Detalle,,3220-010,0
Below the Line,Detalle,SHOOT,3220-011,42000
Below the Line,Detalle,,3220-014,0
Below the Line,Detalle,2nd Unit,3220-015,12000
Below the Line,Detalle,,3220-018,0
Below the Line,Detalle,SHOOT,3220-019,28000
Below the Line,Detalle,SHOOT,3220-020,2500
Below the Line,Sub cuenta,,3292,153000
Below the Line,Detalle,,3292-002,0
Below the Line,Detalle,SHOOT,3292-003,126000
Below the Line,Detalle,,3292-006,0
Below the Line,Detalle,2nd Unit,3292-007,27000
Below the Line,Sub cuenta,,3294,20000
Below the Line,Detalle,,3294-002,0
Below the Line,Detalle,ALL SHOW,3294-003,20000
Below the Line,Sub cuenta,,3298,20000
Below the Line,Detalle,,3298-002,0
Below the Line,Detalle,ALL SHOW,3298-003,20000
Below the Line,Cuenta General,,3300,165500
Below the Line,Sub cuenta,,3305,165500
Below the Line,Detalle,,3305-002,0
Below the Line,Detalle,SHOOT,3305-003,19000
Below the Line,Detalle,SHOOT,3305-004,20000
Below the Line,Detalle,SHOOT,3305-005,4500
Below the Line,Detalle,SHOOT,3305-006,12000
Below the Line,Detalle,SHOOT,3305-007,78000
Below the Line,Detalle,,3305-010,0
Below the Line,Detalle,SHOOT,3305-011,32000
Below the Line,Cuenta General,,3400,15001515
Below the Line,Sub cuenta,,3401,271780
Below the Line,Detalle,,3401-002,0
Below the Line,Detalle,PREP,3401-003,4400
Below the Line,Detalle,PREP,3401-004,22356
Below the Line,Detalle,PREP,3401-005,3876.45
Below the Line,Detalle,,3401-008,0
Below the Line,Detalle,PREP,3401-009,1504.68
Below the Line,Detalle,PREP,3401-010,1809.6
Below the Line,Detalle,PREP,3401-011,11948.76
Below the Line,Detalle,PREP,3401-012,1787.5
Below the Line,Detalle,PREP,3401-013,4353.44
Below the Line,Detalle,PREP,3401-014,17333.47
Below the Line,Detalle,PREP,3401-015,251
Below the Line,Detalle,PREP,3401-016,0
Below the Line,Detalle,PREP,3401-017,8449.05
Below the Line,Detalle,,3401-020,0
Below the Line,Detalle,PREP,3401-021,12000
Below the Line,Detalle,PREP,3401-022,27
Below the Line,Detalle,PREP,3401-023,12000
Below the Line,Detalle,PREP,3401-024,5300
Below the Line,Detalle,PREP,3401-025,47.41
Below the Line,Detalle,PREP,3401-026,3000
Below the Line,Detalle,PREP,3401-027,191
Below the Line,Detalle,,3401-030,0
Below the Line,Detalle,PREP,3401-031,16508
Below the Line,Detalle,PREP,3401-032,8670
Below the Line,Detalle,PREP,3401-033,22435.98
Below the Line,Detalle,PREP,3401-034,20160
Below the Line,Detalle,PREP,3401-035,7494
Below the Line,Detalle,PREP,3401-036,10125
Below the Line,Detalle,PREP,3401-037,17953.4
Below the Line,Detalle,PREP,3401-038,2798
Below the Line,Detalle,,3401-041,0
Below the Line,Detalle,PREP,3401-042,55000
Below the Line,Sub cuenta,,3402,504000
Below the Line,Detalle,,3402-002,0
Below the Line,Detalle,SOFT,3402-003,105000
Below the Line,Detalle,PREP,3402-004,189000
Below the Line,Detalle,SHOOT,3402-005,147000
Below the Line,Detalle,WRAP,3402-006,63000
Below the Line,Sub cuenta,,3403,768000
Below the Line,Detalle,,3403-002,0
Below the Line,Detalle,PREP,3403-003,98000
Below the Line,Detalle,SHOOT,3403-004,98000
Below the Line,Detalle,WRAP,3403-005,56000
Below the Line,Detalle,,3403-008,0
Below the Line,Detalle,SOFT,3403-009,31500
Below the Line,Detalle,PREP,3403-010,101250
Below the Line,Detalle,SHOOT,3403-011,78750
Below the Line,Detalle,,3403-014,0
Below the Line,Detalle,PREP,3403-015,90000
Below the Line,Detalle,SHOOT,3403-016,70000
Below the Line,Detalle,,3403-019,0
Below the Line,Detalle,PREP,3403-020,40000
Below the Line,Detalle,,3403-023,0
Below the Line,Detalle,PREP,3403-024,8000
Below the Line,Detalle,SHOOT,3403-025,56000
Below the Line,Detalle,,3403-028,0
Below the Line,Detalle,SHOOT,3403-029,10500
Below the Line,Detalle,,3403-032,0
Below the Line,Detalle,SHOOT,3403-033,6000
Below the Line,Detalle,,3403-036,0
Below the Line,Detalle,2nd Unit,3403-037,8000
Below the Line,Detalle,2nd Unit,3403-038,16000
Below the Line,Sub cuenta,,3407,317300
Below the Line,Detalle,,3407-002,0
Below the Line,Detalle,,3407-004,0
Below the Line,Detalle,SHOOT,3407-005,199500
Below the Line,Detalle,SHOOT,3407-006,5700
Below the Line,Detalle,SHOOT,3407-007,39900
Below the Line,Detalle,,3407-010,0
Below the Line,Detalle,2nd Unit,3407-011,57000
Below the Line,Detalle,2nd Unit,3407-012,3800
Below the Line,Detalle,2nd Unit,3407-013,11400
Below the Line,Sub cuenta,,3408,100000
Below the Line,Detalle,,3408-002,0
Below the Line,Detalle,SHOOT,3408-003,100000
Below the Line,Sub cuenta,,3410,4701050
Below the Line,Detalle,,3410-002,0
Below the Line,Detalle,SHOOT,3410-003,682500
Below the Line,Detalle,SHOOT,3410-004,327600
Below the Line,Detalle,SHOOT,3410-005,1037400
Below the Line,Detalle,SHOOT,3410-006,491400
Below the Line,Detalle,SHOOT,3410-007,491400
Below the Line,Detalle,SHOOT,3410-008,123500
Below the Line,Detalle,,3410-011,0
Below the Line,Detalle,SHOOT,3410-012,100000
Below the Line,Detalle,SHOOT,3410-013,693750
Below the Line,Detalle,,3410-016,0
Below the Line,Detalle,2nd Unit,3410-017,165000
Below the Line,Detalle,2nd Unit,3410-018,79200
Below the Line,Detalle,2nd Unit,3410-019,250800
Below the Line,Detalle,2nd Unit,3410-020,118800
Below the Line,Detalle,2nd Unit,3410-021,118800
Below the Line,Detalle,2nd Unit,3410-022,20900
Below the Line,Sub cuenta,,3412,6880105
Below the Line,Detalle,,3412-002,0
Below the Line,Detalle,SHOOT,3412-003,22370
Below the Line,Detalle,,3412-006,0
Below the Line,Detalle,SHOOT,3412-007,500000
Below the Line,Detalle,,3412-010,0
Below the Line,Detalle,SHOOT,3412-011,571000
Below the Line,Detalle,,3412-014,0
Below the Line,Detalle,SHOOT,3412-015,700000
Below the Line,Detalle,,3412-018,0
Below the Line,Detalle,SHOOT,3412-019,75000
Below the Line,Detalle,,3412-022,0
Below the Line,Detalle,SHOOT,3412-023,15000
Below the Line,Detalle,,3412-026,0
Below the Line,Detalle,SHOOT,3412-027,30000
Below the Line,Detalle,,3412-030,0
Below the Line,Detalle,SHOOT,3412-031,25000
Below the Line,Detalle,,3412-034,0
Below the Line,Detalle,SHOOT,3412-035,77586.21
Below the Line,Detalle,,3412-038,0
Below the Line,Detalle,SHOOT,3412-039,58189.66
Below the Line,Detalle,,3412-042,0
Below the Line,Detalle,SHOOT,3412-043,370272
Below the Line,Detalle,,3412-046,0
Below the Line,Detalle,SHOOT,3412-047,30000
Below the Line,Detalle,,3412-050,0
Below the Line,Detalle,SHOOT,3412-051,40000
Below the Line,Detalle,,3412-054,0
Below the Line,Detalle,SHOOT,3412-055,25000
Below the Line,Detalle,,3412-058,0
Below the Line,Detalle,SHOOT,3412-059,45000
Below the Line,Detalle,,3412-062,0
Below the Line,Detalle,SHOOT,3412-063,45000
Below the Line,Detalle,,3412-066,0
Below the Line,Detalle,SHOOT,3412-067,100000
Below the Line,Detalle,,3412-070,0
Below the Line,Detalle,SHOOT,3412-071,150000
Below the Line,Detalle,,3412-074,0
Below the Line,Detalle,SHOOT,3412-075,125000
Below the Line,Detalle,,3412-078,0
Below the Line,Detalle,SHOOT,3412-079,60000
Below the Line,Detalle,,3412-082,0
Below the Line,Detalle,SHOOT,3412-083,30000
Below the Line,Detalle,,3412-086,0
Below the Line,Detalle,SHOOT,3412-087,300000
Below the Line,Detalle,,3412-090,0
Below the Line,Detalle,SHOOT,3412-091,50000
Below the Line,Detalle,,3412-094,0
Below the Line,Detalle,SHOOT,3412-095,25000
Below the Line,Detalle,,3412-098,0
Below the Line,Detalle,SHOOT,3412-099,55000
Below the Line,Detalle,,3412-102,0
Below the Line,Detalle,SHOOT,3412-103,60000
Below the Line,Detalle,,3412-106,0
Below the Line,Detalle,SHOOT,3412-107,56187.5
Below the Line,Detalle,,3412-110,0
Below the Line,Detalle,SHOOT,3412-111,15000
Below the Line,Detalle,,3412-114,0
Below the Line,Detalle,SHOOT,3412-115,10000
Below the Line,Detalle,,3412-118,0
Below the Line,Detalle,SHOOT,3412-119,30000
Below the Line,Detalle,,3412-122,0
Below the Line,Detalle,SHOOT,3412-123,5000
Below the Line,Detalle,,3412-126,0
Below the Line,Detalle,ALL SHOW,3412-127,2701500
Below the Line,Detalle,,3412-130,0
Below the Line,Detalle,SHOOT,3412-131,147000
Below the Line,Detalle,SHOOT,3412-132,147000
Below the Line,Detalle,2nd Unit,3412-133,42000
Below the Line,Detalle,2nd Unit,3412-134,42000
Below the Line,Detalle,,3412-137,0
Below the Line,Detalle,SHOOT,3412-138,50000
Below the Line,Detalle,2nd Unit,3412-139,50000
Below the Line,Sub cuenta,,3416,112000
Below the Line,Detalle,,3416-002,0
Below the Line,Detalle,PREP,3416-003,3000
Below the Line,Detalle,SHOOT,3416-004,70000
Below the Line,Detalle,WRAP,3416-005,0
Below the Line,Detalle,,3416-008,0
Below the Line,Detalle,2nd Unit,3416-009,3000
Below the Line,Detalle,2nd Unit,3416-010,20000
Below the Line,Detalle,2nd Unit,3416-011,0
Below the Line,Detalle,,3416-014,0
Below the Line,Detalle,ALL SHOW,3416-015,16000
Below the Line,Sub cuenta,,3442,807280
Below the Line,Detalle,,3442-002,0
Below the Line,Detalle,,3442-004,0
Below the Line,Detalle,PREP,3442-005,51840
Below the Line,Detalle,SHOOT,3442-006,175000
Below the Line,Detalle,WRAP,3442-007,45000
Below the Line,Detalle,,3442-010,0
Below the Line,Detalle,SHOOT,3442-011,5880
Below the Line,Detalle,,3442-014,0
Below the Line,Detalle,PREP,3442-015,6480
Below the Line,Detalle,SHOOT,3442-016,5880
Below the Line,Detalle,,3442-019,0
Below the Line,Detalle,SHOOT,3442-020,11760
Below the Line,Detalle,,3442-023,0
Below the Line,Detalle,PREP,3442-024,32400
Below the Line,Detalle,SHOOT,3442-025,287280
Below the Line,Detalle,,3442-028,0
Below the Line,Detalle,2nd Unit,3442-029,38880
Below the Line,Detalle,,3442-032,0
Below the Line,Detalle,PREP,3442-033,16200
Below the Line,Detalle,SHOOT,3442-034,113400
Below the Line,Detalle,,3442-037,0
Below the Line,Detalle,2nd Unit,3442-038,17280
Below the Line,Detalle,2nd Unit,3442-040,
Below the Line,Sub cuenta,,3480,80000
Below the Line,Detalle,,3480-002,0
Below the Line,Detalle,SHOOT,3480-003,52500
Below the Line,Detalle,,3480-006,0
Below the Line,Detalle,2nd Unit,3480-007,15000
Below the Line,Detalle,,3480-010,0
Below the Line,Detalle,SHOOT,3480-011,12500
Below the Line,Sub cuenta,,3485,60000
Below the Line,Detalle,,3485-002,0
Below the Line,Detalle,SHOOT,3485-003,60000
Below the Line,Sub cuenta,,3498,400000
Below the Line,Detalle,,3498-002,0
Below the Line,Detalle,ALL SHOW,3498-003,400000
Below the Line,Cuenta General,,3500,281000
Below the Line,Sub cuenta,,3583,281000
Below the Line,Detalle,,3583-002,0
Below the Line,Detalle,SHOOT,3583-003,120000
Below the Line,Detalle,SHOOT,3583-004,161000
Below the Line,Cuenta General,,3600,7591103
Below the Line,Sub cuenta,,3601,128000
Below the Line,Detalle,,3601-002,0
Below the Line,Detalle,PREP,3601-003,24000
Below the Line,Detalle,SHOOT,3601-004,56000
Below the Line,Detalle,WRAP,3601-005,16000
Below the Line,Detalle,,3601-008,0
Below the Line,Detalle,2nd Unit,3601-009,8000
Below the Line,Detalle,2nd Unit,3601-010,16000
Below the Line,Detalle,2nd Unit,3601-011,8000
Below the Line,Sub cuenta,,3629,235000
Below the Line,Detalle,,3629-002,0
Below the Line,Detalle,SHOOT,3629-003,145000
Below the Line,Detalle,2nd Unit,3629-004,90000
Below the Line,Detalle,2nd Unit,3629-006,
Below the Line,Sub cuenta,,3632,1551403
Below the Line,Detalle,,3632-002,0
Below the Line,Detalle,SHOOT,3632-003,625000
Below the Line,Detalle,SHOOT,3632-004,315000
Below the Line,Detalle,,3632-007,0
Below the Line,Detalle,2nd Unit,3632-008,90000
Below the Line,Detalle,2nd Unit,3632-009,90000
Below the Line,Detalle,,3632-012,0
Below the Line,Detalle,SHOOT,3632-013,245000
Below the Line,Detalle,2nd Unit,3632-014,180000
Below the Line,Detalle,,3632-017,0
Below the Line,Detalle,PREP,3632-018,1403.12
Below the Line,Detalle,PREP,3632-019,5000
Below the Line,Detalle,SHOOT,3632-021,
Below the Line,Sub cuenta,,3633,170000
Below the Line,Detalle,,3633-002,0
Below the Line,Detalle,SHOOT,3633-003,140000
Below the Line,Detalle,,3633-006,0
Below the Line,Detalle,2nd Unit,3633-007,30000
Below the Line,Sub cuenta,,3683,5456700
Below the Line,Detalle,,3683-002,0
Below the Line,Detalle,,3683-004,0
Below the Line,Detalle,PREP,3683-005,60000
Below the Line,Detalle,SHOOT,3683-006,210000
Below the Line,Detalle,WRAP,3683-007,30000
Below the Line,Detalle,,3683-010,0
Below the Line,Detalle,PREP,3683-011,60000
Below the Line,Detalle,SHOOT,3683-012,210000
Below the Line,Detalle,WRAP,3683-013,30000
Below the Line,Detalle,,3683-016,0
Below the Line,Detalle,PREP,3683-017,45000
Below the Line,Detalle,SHOOT,3683-018,315000
Below the Line,Detalle,WRAP,3683-019,45000
Below the Line,Detalle,,3683-022,0
Below the Line,Detalle,PREP,3683-023,11000
Below the Line,Detalle,SHOOT,3683-024,154000
Below the Line,Detalle,WRAP,3683-025,11000
Below the Line,Detalle,,3683-028,0
Below the Line,Detalle,PREP,3683-029,10800
Below the Line,Detalle,SHOOT,3683-030,151200
Below the Line,Detalle,WRAP,3683-031,10800
Below the Line,Detalle,,3683-034,0
Below the Line,Detalle,PREP,3683-035,5400
Below the Line,Detalle,SHOOT,3683-036,75600
Below the Line,Detalle,WRAP,3683-037,5400
Below the Line,Detalle,,3683-040,0
Below the Line,Detalle,PREP,3683-041,10800
Below the Line,Detalle,SHOOT,3683-042,151200
Below the Line,Detalle,WRAP,3683-043,10800
Below the Line,Detalle,,3683-046,0
Below the Line,Detalle,PREP,3683-047,22000
Below the Line,Detalle,SHOOT,3683-048,154000
Below the Line,Detalle,WRAP,3683-049,22000
Below the Line,Detalle,,3683-052,0
Below the Line,Detalle,PREP,3683-053,44000
Below the Line,Detalle,SHOOT,3683-054,154000
Below the Line,Detalle,WRAP,3683-055,44000
Below the Line,Detalle,,3683-058,0
Below the Line,Detalle,PREP,3683-059,75000
Below the Line,Detalle,SHOOT,3683-060,105000
Below the Line,Detalle,WRAP,3683-061,30000
Below the Line,Detalle,,3683-064,0
Below the Line,Detalle,PREP,3683-065,60000
Below the Line,Detalle,SHOOT,3683-066,105000
Below the Line,Detalle,WRAP,3683-067,15000
Below the Line,Detalle,,3683-070,0
Below the Line,Detalle,PREP,3683-071,15000
Below the Line,Detalle,SHOOT,3683-072,105000
Below the Line,Detalle,WRAP,3683-073,15000
Below the Line,Detalle,,3683-076,0
Below the Line,Detalle,PREP,3683-077,60000
Below the Line,Detalle,SHOOT,3683-078,105000
Below the Line,Detalle,WRAP,3683-079,15000
Below the Line,Detalle,,3683-082,0
Below the Line,Detalle,PREP,3683-083,22000
Below the Line,Detalle,SHOOT,3683-084,154000
Below the Line,Detalle,WRAP,3683-085,22000
Below the Line,Detalle,,3683-088,0
Below the Line,Detalle,PREP,3683-089,60000
Below the Line,Detalle,SHOOT,3683-090,105000
Below the Line,Detalle,WRAP,3683-091,15000
Below the Line,Detalle,,3683-094,0
Below the Line,Detalle,PREP,3683-095,22000
Below the Line,Detalle,SHOOT,3683-096,154000
Below the Line,Detalle,WRAP,3683-097,22000
Below the Line,Detalle,,3683-100,0
Below the Line,Detalle,SHOOT,3683-101,157500
Below the Line,Detalle,,3683-104,0
Below the Line,Detalle,SHOOT,3683-105,196000
Below the Line,Detalle,,3683-108,0
Below the Line,Detalle,SHOOT,3683-109,392000
Below the Line,Detalle,,3683-112,0
Below the Line,Detalle,SHOOT,3683-113,196000
Below the Line,Detalle,,3683-116,0
Below the Line,Detalle,PREP,3683-117,8000
Below the Line,Detalle,SHOOT,3683-118,196000
Below the Line,Detalle,WRAP,3683-119,4000
Below the Line,Detalle,,3683-122,0
Below the Line,Detalle,SHOOT,3683-123,63750
Below the Line,Detalle,,3683-126,0
Below the Line,Detalle,PREP,3683-127,35000
Below the Line,Detalle,SHOOT,3683-128,35000
Below the Line,Detalle,WRAP,3683-129,20000
Below the Line,Detalle,,3683-132,0
Below the Line,Detalle,,3683-134,0
Below the Line,Detalle,,3683-136,0
Below the Line,Detalle,2nd Unit,3683-137,45000
Below the Line,Detalle,2nd Unit,3683-138,90000
Below the Line,Detalle,,3683-141,0
Below the Line,Detalle,2nd Unit,3683-142,10800
Below the Line,Detalle,2nd Unit,3683-143,21600
Below the Line,Detalle,2nd Unit,3683-144,10800
Below the Line,Detalle,,3683-147,0
Below the Line,Detalle,2nd Unit,3683-148,15000
Below the Line,Detalle,2nd Unit,3683-149,30000
Below the Line,Detalle,2nd Unit,3683-150,15000
Below the Line,Detalle,,3683-153,0
Below the Line,Detalle,2nd Unit,3683-154,112000
Below the Line,Detalle,,3683-157,0
Below the Line,Detalle,2nd Unit,3683-158,45000
Below the Line,Detalle,,3683-161,0
Below the Line,Detalle,2nd Unit,3683-162,56000
Below the Line,Detalle,,3683-165,0
Below the Line,Detalle,2nd Unit,3683-166,30000
Below the Line,Detalle,,3683-169,0
Below the Line,Detalle,2nd Unit,3683-170,15000
Below the Line,Detalle,2nd Unit,3683-171,30000
Below the Line,Detalle,2nd Unit,3683-172,7500
Below the Line,Detalle,,3683-175,0
Below the Line,Detalle,2nd Unit,3683-176,11000
Below the Line,Detalle,,3683-179,0
Below the Line,Detalle,2nd Unit,3683-180,22000
Below the Line,Detalle,2nd Unit,3683-181,44000
Below the Line,Detalle,2nd Unit,3683-182,11000
Below the Line,Detalle,,3683-185,0
Below the Line,Detalle,2nd Unit,3683-186,11000
Below the Line,Detalle,2nd Unit,3683-187,44000
Below the Line,Detalle,2nd Unit,3683-188,11000
Below the Line,Detalle,,3683-191,0
Below the Line,Detalle,2nd Unit,3683-192,12000
Below the Line,Detalle,2nd Unit,3683-193,48000
Below the Line,Detalle,2nd Unit,3683-194,8000
Below the Line,Detalle,,3683-197,0
Below the Line,Detalle,2nd Unit,3683-198,11250
Below the Line,Detalle,2nd Unit,3683-199,45000
Below the Line,Detalle,2nd Unit,3683-200,7500
Below the Line,Detalle,2nd Unit,3683-202,
Below the Line,Detalle,ALL SHOW,3683-204,
Below the Line,Sub cuenta,,3698,50000
Below the Line,Detalle,,3698-002,0
Below the Line,Detalle,SHOOT,3698-003,50000
Below the Line,Cuenta General,,3700,810000
Below the Line,Sub cuenta,,3716,90000
Below the Line,Detalle,,3716-002,0
Below the Line,Detalle,ALL SHOW,3716-003,90000
Below the Line,Sub cuenta,,3793,720000
Below the Line,Detalle,,3793-002,0
Below the Line,Detalle,ALL SHOW,3793-003,720000
Below the Line,Cuenta General,,3800,747019
Below the Line,Sub cuenta,,3807,438400
Below the Line,Detalle,,3807-002,0
Below the Line,Detalle,POST,3807-003,50400
Below the Line,Detalle,,3807-006,0
Below the Line,Detalle,POST,3807-007,84000
Below the Line,Detalle,,3807-010,0
Below the Line,Detalle,POST,3807-011,152000
Below the Line,Detalle,POST,3807-012,152000
Below the Line,Sub cuenta,,3813,197119
Below the Line,Detalle,,3813-002,0
Below the Line,Detalle,POST,3813-003,197118.96
Below the Line,Sub cuenta,,3894,111500
Below the Line,Detalle,,3894-002,0
Below the Line,Detalle,ALL SHOW,3894-003,96000
Below the Line,Detalle,,3894-006,0
Below the Line,Detalle,ALL SHOW,3894-007,15500
Below the Line,Cuenta General,,3900,5965292.85
Below the Line,Sub cuenta,,3901,210701
Below the Line,Detalle,,3901-002,0
Below the Line,Detalle,ALL SHOW,3901-003,2250
Below the Line,Detalle,ALL SHOW,3901-004,2250
Below the Line,Detalle,,3901-007,0
Below the Line,Detalle,ALL SHOW,3901-008,2451
Below the Line,Detalle,ALL SHOW,3901-009,2250
Below the Line,Detalle,,3901-012,0
Below the Line,Detalle,ALL SHOW,3901-013,2250
Below the Line,Detalle,ALL SHOW,3901-014,2250
Below the Line,Detalle,,3901-017,0
Below the Line,Detalle,ALL SHOW,3901-018,2250
Below the Line,Detalle,ALL SHOW,3901-019,2250
Below the Line,Detalle,,3901-022,0
Below the Line,Detalle,ALL SHOW,3901-023,2250
Below the Line,Detalle,ALL SHOW,3901-024,2250
Below the Line,Detalle,,3901-027,0
Below the Line,Detalle,ALL SHOW,3901-028,2250
Below the Line,Detalle,ALL SHOW,3901-029,2250
Below the Line,Detalle,,3901-032,0
Below the Line,Detalle,ALL SHOW,3901-033,9000
Below the Line,Detalle,ALL SHOW,3901-034,9000
Below the Line,Detalle,,3901-037,0
Below the Line,Detalle,ALL SHOW,3901-038,40500
Below the Line,Detalle,ALL SHOW,3901-039,40500
Below the Line,Detalle,,3901-042,0
Below the Line,Detalle,ALL SHOW,3901-043,2250
Below the Line,Detalle,ALL SHOW,3901-044,2250
Below the Line,Detalle,,3901-047,0
Below the Line,Detalle,ALL SHOW,3901-048,40000
Below the Line,Detalle,ALL SHOW,3901-049,40000
Below the Line,Detalle,ALL SHOW,3901-051,
Below the Line,Sub cuenta,,3902,4360556
Below the Line,Detalle,,3902-002,0
Below the Line,Detalle,ALL SHOW,3902-003,201600
Below the Line,Detalle,,3902-006,0
Below the Line,Detalle,PREP,3902-007,374400
Below the Line,Detalle,SHOOT,3902-008,1719900
Below the Line,Detalle,WRAP,3902-009,230400
Below the Line,Detalle,,3902-012,0
Below the Line,Detalle,2nd Unit,3902-013,31500
Below the Line,Detalle,2nd Unit,3902-014,226800
Below the Line,Detalle,2nd Unit,3902-015,13500
Below the Line,Detalle,,3902-018,0
Below the Line,Detalle,SHOOT,3902-019,37035
Below the Line,Detalle,2nd Unit,3902-020,4320
Below the Line,Detalle,ALL SHOW,3902-021,2200
Below the Line,Detalle,,3902-024,0
Below the Line,Detalle,PREP,3902-025,53529.56
Below the Line,Detalle,SHOOT,3902-026,401471.7
Below the Line,Detalle,WRAP,3902-027,11470.62
Below the Line,Detalle,,3902-030,0
Below the Line,Detalle,PREP,3902-031,74117.4
Below the Line,Detalle,SHOOT,3902-032,555880.5
Below the Line,Detalle,WRAP,3902-033,15882.3
Below the Line,Detalle,,3902-036,0
Below the Line,Detalle,2nd Unit,3902-037,22689
Below the Line,Detalle,2nd Unit,3902-038,157310.4
Below the Line,Detalle,2nd Unit,3902-039,6806.7
Below the Line,Detalle,,3902-042,0
Below the Line,Detalle,SHOOT,3902-043,28800
Below the Line,Detalle,2nd Unit,3902-044,4880
Below the Line,Detalle,,3902-047,0
Below the Line,Detalle,SHOOT,3902-048,41720
Below the Line,Detalle,,3902-051,0
Below the Line,Detalle,2nd Unit,3902-052,8940
Below the Line,Detalle,,3902-055,0
Below the Line,Detalle,ALL SHOW,3902-056,84130.2
Below the Line,Detalle,ALL SHOW,3902-057,18516.6
Below the Line,Detalle,,3902-060,0
Below the Line,Detalle,ALL SHOW,3902-061,20756.36
Below the Line,Detalle,,3902-064,0
Below the Line,Detalle,ALL SHOW,3902-065,12000
Below the Line,Sub cuenta,,3903,1037944
Below the Line,Detalle,,3903-002,0
Below the Line,Detalle,PREP,3903-003,46446.4
Below the Line,Detalle,SHOOT,3903-004,104504.4
Below the Line,Detalle,SHOOT,3903-005,165880
Below the Line,Detalle,WRAP,3903-006,29029
Below the Line,Detalle,,3903-009,0
Below the Line,Detalle,2nd Unit,3903-010,44787.6
Below the Line,Detalle,2nd Unit,3903-011,19905.6
Below the Line,Detalle,2nd Unit,3903-012,0
Below the Line,Detalle,,3903-015,0
Below the Line,Detalle,PREP,3903-016,13933.92
Below the Line,Detalle,SHOOT,3903-017,41801.76
Below the Line,Detalle,WRAP,3903-018,6966.96
Below the Line,Detalle,,3903-021,0
Below the Line,Detalle,2nd Unit,3903-022,23223.2
Below the Line,Detalle,2nd Unit,3903-023,19905.6
Below the Line,Detalle,2nd Unit,3903-024,0
Below the Line,Detalle,,3903-027,0
Below the Line,Detalle,PREP,3903-028,34834.8
Below the Line,Detalle,SHOOT,3903-029,184126.8
Below the Line,Detalle,WRAP,3903-030,17417.4
Below the Line,Detalle,,3903-033,0
Below the Line,Detalle,2nd Unit,3903-034,23223.2
Below the Line,Detalle,2nd Unit,3903-035,15924.48
Below the Line,Detalle,2nd Unit,3903-036,0
Below the Line,Detalle,,3903-039,0
Below the Line,Detalle,SHOOT,3903-040,59716.8
Below the Line,Detalle,SHOOT,3903-041,59716.8
Below the Line,Detalle,SHOOT,3903-042,59716.8
Below the Line,Detalle,,3903-045,0
Below the Line,Detalle,2nd Unit,3903-046,8294
Below the Line,Detalle,2nd Unit,3903-047,8294
Below the Line,Detalle,2nd Unit,3903-048,8294
Below the Line,Detalle,,3903-051,0
Below the Line,Detalle,SHOOT,3903-052,42000
Below the Line,Sub cuenta,,3904,10000
Below the Line,Detalle,,3904-002,0
Below the Line,Detalle,ALL SHOW,3904-003,10000
Below the Line,Sub cuenta,,3936,225160
Below the Line,Detalle,,3936-002,0
Below the Line,Detalle,ALL SHOW,3936-003,63800
Below the Line,Detalle,ALL SHOW,3936-004,63800
Below the Line,Detalle,,3936-007,0
Below the Line,Detalle,2nd Unit,3936-008,33000
Below the Line,Detalle,2nd Unit,3936-009,33000
Below the Line,Detalle,,3936-012,0
Below the Line,Detalle,ALL SHOW,3936-013,9468
Below the Line,Detalle,ALL SHOW,3936-014,9468
Below the Line,Detalle,,3936-017,0
Below the Line,Detalle,2nd Unit,3936-018,6312
Below the Line,Detalle,2nd Unit,3936-019,6312
Below the Line,Sub cuenta,,3999,120931.84999999999
Below the Line,Detalle,Fringes,3999-001,120931.84999999999
Below the Line,Cuenta General,,4100,1451938
Below the Line,Sub cuenta,,4180,1451938
Below the Line,Detalle,,4180-002,0
Below the Line,Detalle,ALL SHOW,4180-003,1451938.3
Post,Cuenta General,,5000,4891351
Post,Sub cuenta,,5001,1355250
Post,Detalle,,5001-002,0
Post,Detalle,PREP,5001-003,10000
Post,Detalle,POST,5001-004,475000
Post,Detalle,,5001-007,0
Post,Detalle,POST,5001-008,288000
Post,Detalle,,5001-011,0
Post,Detalle,POST,5001-012,288000
Post,Detalle,,5001-015,0
Post,Detalle,POST,5001-016,288000
Post,Detalle,,5001-019,0
Post,Detalle,,5001-021,0
Post,Detalle,ALL SHOW,5001-022,6250
Post,Detalle,ALL SHOW,5001-024,
Post,Sub cuenta,,5002,435500
Post,Detalle,,5002-002,0
Post,Detalle,POST,5002-003,180500
Post,Detalle,,5002-006,0
Post,Detalle,POST,5002-007,150000
Post,Detalle,,5002-010,0
Post,Detalle,POST,5002-011,105000
Post,Sub cuenta,,5009,638000
Post,Detalle,,5009-002,0
Post,Detalle,,5009-003,0
Post,Detalle,PREP,5009-004,66000
Post,Detalle,POST,5009-005,572000
Post,Sub cuenta,,5010,319000
Post,Detalle,,5010-002,0
Post,Detalle,,5010-003,0
Post,Detalle,PREP,5010-004,33000
Post,Detalle,POST,5010-005,286000
Post,Sub cuenta,,5011,194200
Post,Detalle,,5011-002,0
Post,Detalle,PREP,5011-003,3000
Post,Detalle,POST,5011-004,187200
Post,Detalle,,5011-007,0
Post,Detalle,,5011-009,0
Post,Detalle,ALL SHOW,5011-010,4000
Post,Sub cuenta,,5018,96400
Post,Detalle,,5018-002,0
Post,Detalle,POST,5018-003,96000
Post,Detalle,,5018-006,0
Post,Detalle,,5018-007,0
Post,Detalle,ALL SHOW,5018-008,400
Post,Sub cuenta,,5022,1738000
Post,Detalle,,5022-002,0
Post,Detalle,,5022-004,0
Post,Detalle,POST,5022-005,52000
Post,Detalle,,5022-008,0
Post,Detalle,PREP,5022-009,3000
Post,Detalle,POST,5022-010,312000
Post,Detalle,,5022-013,0
Post,Detalle,POST,5022-014,150000
Post,Detalle,,5022-017,0
Post,Detalle,PREP,5022-018,5000
Post,Detalle,POST,5022-019,117000
Post,Detalle,,5022-022,0
Post,Detalle,POST,5022-023,208000
Post,Detalle,,5022-026,0
Post,Detalle,POST,5022-027,208000
Post,Detalle,,5022-030,0
Post,Detalle,POST,5022-031,208000
Post,Detalle,,5022-034,0
Post,Detalle,POST,5022-035,152000
Post,Detalle,,5022-038,0
Post,Detalle,POST,5022-039,180000
Post,Detalle,,5022-042,0
Post,Detalle,POST,5022-043,126000
Post,Detalle,,5022-046,0
Post,Detalle,,5022-048,0
Post,Detalle,ALL SHOW,5022-049,12000
Post,Detalle,,5022-052,0
Post,Detalle,ALL SHOW,5022-053,5000
Post,Sub cuenta,,5024,115001
Post,Detalle,,5024-002,0
Post,Detalle,ALL SHOW,5024-003,115001.46
Post,Cuenta General,,5100,2206500
Post,Sub cuenta,,5101,324000
Post,Detalle,,5101-002,0
Post,Detalle,POST,5101-003,140000
Post,Detalle,,5101-006,0
Post,Detalle,POST,5101-007,168000
Post,Detalle,,5101-010,0
Post,Detalle,POST,5101-011,16000
Post,Sub cuenta,,5105,1179000
Post,Detalle,,5105-002,0
Post,Detalle,PREP,5105-003,10000
Post,Detalle,POST,5105-004,264000
Post,Detalle,,5105-007,0
Post,Detalle,POST,5105-008,900000
Post,Detalle,,5105-011,0
Post,Detalle,PREP,5105-012,5000
Post,Sub cuenta,,5109,80000
Post,Detalle,,5109-002,0
Post,Detalle,POST,5109-003,80000
Post,Sub cuenta,,5110,216000
Post,Detalle,,5110-002,0
Post,Detalle,POST,5110-003,200000
Post,Detalle,POST,5110-004,16000
Post,Sub cuenta,,5113,160000
Post,Detalle,,5113-002,0
Post,Detalle,POST,5113-003,160000
Post,Sub cuenta,,5120,200000
Post,Detalle,,5120-002,0
Post,Detalle,ALL SHOW,5120-003,200000
Post,Sub cuenta,,5197,47500
Post,Detalle,,5197-002,0
Post,Detalle,ALL SHOW,5197-003,47500
Post,Cuenta General,,5200,1843600
Post,Sub cuenta,,5201,612000
Post,Detalle,,5201-002,0
Post,Detalle,POST,5201-003,252000
Post,Detalle,,5201-006,0
Post,Detalle,,5201-007,0
Post,Detalle,POST,5201-008,126000
Post,Detalle,,5201-011,0
Post,Detalle,,5201-012,0
Post,Detalle,POST,5201-013,126000
Post,Detalle,,5201-016,0
Post,Detalle,POST,5201-017,108000
Post,Detalle,,5201-020,0
Post,Detalle,,5201-021,0
Post,Detalle,POST,5201-022,0
Post,Detalle,,5201-025,0
Post,Detalle,POST,5201-026,0
Post,Detalle,,5201-029,0
Post,Detalle,POST,5201-030,0
Post,Sub cuenta,,5202,59000
Post,Detalle,,5202-002,0
Post,Detalle,POST,5202-003,56000
Post,Detalle,,5202-006,0
Post,Detalle,,5202-007,0
Post,Detalle,ALL SHOW,5202-008,3000
Post,Sub cuenta,,5203,126000
Post,Detalle,,5203-002,0
Post,Detalle,POST,5203-003,126000
Post,Sub cuenta,,5207,255000
Post,Detalle,,5207-002,0
Post,Detalle,POST,5207-003,250000
Post,Detalle,,5207-006,0
Post,Detalle,,5207-007,0
Post,Detalle,ALL SHOW,5207-008,5000
Post,Sub cuenta,,5209,57600
Post,Detalle,,5209-002,0
Post,Detalle,POST,5209-003,57600
Post,Sub cuenta,,5221,0
Post,Detalle,,5221-001,0
Post,Sub cuenta,,5222,734000
Post,Detalle,,5222-002,0
Post,Detalle,POST,5222-003,162000
Post,Detalle,POST,5222-004,81000
Post,Detalle,POST,5222-005,81000
Post,Detalle,POST,5222-006,81000
Post,Detalle,POST,5222-007,36000
Post,Detalle,POST,5222-008,180000
Post,Detalle,POST,5222-009,108000
Post,Detalle,,5222-012,0
Post,Detalle,,5222-014,0
Post,Detalle,ALL SHOW,5222-015,5000
Post,Cuenta General,,5300,80000
Post,Sub cuenta,,5301,80000
Post,Detalle,,5301-002,0
Post,Detalle,POST,5301-003,80000
Post,Cuenta General,,5400,100000
Post,Sub cuenta,,5402,100000
Post,Detalle,,5402-002,0
Post,Detalle,POST,5402-003,100000
Post,Cuenta General,,6000,3833200
Post,Sub cuenta,,6001,739200
Post,Detalle,,6001-002,0
Post,Detalle,,6001-003,0
Post,Detalle,,6001-004,0
Post,Detalle,POST,6001-005,739200
Post,Sub cuenta,,6002,294000
Post,Detalle,,6002-002,0
Post,Detalle,,6002-003,0
Post,Detalle,POST,6002-004,294000
Post,Sub cuenta,,6004,2800000
Post,Detalle,,6004-002,0
Post,Detalle,ALL SHOW,6004-003,1440000
Post,Detalle,ALL SHOW,6004-004,800000
Post,Detalle,ALL SHOW,6004-005,560000
Post,Cuenta General,,6100,1452334
Post,Sub cuenta,,6101,368000
Post,Detalle,,6101-002,0
Post,Detalle,SHOOT,6101-003,100000
Post,Detalle,,6101-006,0
Post,Detalle,PREP,6101-007,10000
Post,Detalle,SHOOT,6101-008,70000
Post,Detalle,2nd Unit,6101-009,20000
Post,Detalle,,6101-012,0
Post,Detalle,POST,6101-013,168000
Post,Sub cuenta,,6102,240000
Post,Detalle,,6102-002,0
Post,Detalle,POST,6102-003,240000
Post,Sub cuenta,,6103,216000
Post,Detalle,,6103-002,0
Post,Detalle,POST,6103-003,216000
Post,Sub cuenta,,6136,1127850
Post,Detalle,,6136-002,0
Post,Detalle,,6136-004,0
Post,Detalle,POST,6136-005,400000
Post,Detalle,,6136-008,0
Post,Detalle,SHOOT,6136-009,100000
Post,Detalle,SHOOT,6136-010,30000
Post,Detalle,,6136-013,0
Post,Detalle,SHOOT,6136-014,40000
Post,Detalle,,6136-017,0
Post,Detalle,,6136-019,0
Post,Detalle,POST,6136-020,3150
Post,Detalle,POST,6136-021,6300
Post,Detalle,POST,6136-022,4000
Post,Detalle,POST,6136-023,6300
Post,Detalle,POST,6136-024,24000
Post,Detalle,POST,6136-025,12000
Post,Detalle,POST,6136-026,12000
Post,Detalle,POST,6136-027,12000
Post,Detalle,POST,6136-028,6300
Post,Detalle,POST,6136-029,3150
Post,Detalle,POST,6136-030,3150
Post,Detalle,POST,6136-031,3150
Post,Detalle,,6136-034,0
Post,Detalle,POST,6136-035,6300
Post,Detalle,POST,6136-036,6300
Post,Detalle,POST,6136-037,3675
Post,Detalle,POST,6136-038,3675
Post,Detalle,POST,6136-039,3675
Post,Detalle,POST,6136-040,3150
Post,Detalle,POST,6136-041,3150
Post,Detalle,POST,6136-042,3150
Post,Detalle,POST,6136-043,12600
Post,Detalle,POST,6136-044,3150
Post,Detalle,POST,6136-045,6300
Post,Detalle,,6136-048,0
Post,Detalle,POST,6136-049,3150
Post,Detalle,POST,6136-050,3675
Post,Detalle,POST,6136-051,6300
Post,Detalle,POST,6136-052,12000
Post,Detalle,POST,6136-053,3150
Post,Detalle,POST,6136-054,6300
Post,Detalle,POST,6136-055,3150
Post,Detalle,POST,6136-056,8000
Post,Detalle,POST,6136-057,3150
Post,Detalle,POST,6136-058,3675
Post,Detalle,POST,6136-059,40000
Post,Detalle,POST,6136-060,3675
Post,Detalle,POST,6136-061,20000
Post,Detalle,POST,6136-062,3675
Post,Detalle,POST,6136-063,3675
Post,Detalle,POST,6136-064,3675
Post,Detalle,POST,6136-065,12000
Post,Detalle,POST,6136-066,12000
Post,Detalle,,6136-069,0
Post,Detalle,POST,6136-070,3150
Post,Detalle,POST,6136-071,3675
Post,Detalle,POST,6136-072,3675
Post,Detalle,POST,6136-073,3675
Post,Detalle,POST,6136-074,15000
Post,Detalle,POST,6136-075,15000
Post,Detalle,,6136-078,0
Post,Detalle,POST,6136-079,7350
Post,Detalle,POST,6136-080,3675
Post,Detalle,POST,6136-081,7350
Post,Detalle,POST,6136-082,6300
Post,Detalle,POST,6136-083,3675
Post,Detalle,POST,6136-084,7300
Post,Detalle,POST,6136-085,9450
Post,Detalle,POST,6136-086,9450
Post,Detalle,POST,6136-087,20000
Post,Detalle,,6136-090,0
Post,Detalle,POST,6136-091,3150
Post,Detalle,POST,6136-092,3675
Post,Detalle,POST,6136-093,7350
Post,Detalle,POST,6136-094,3150
Post,Detalle,POST,6136-095,3675
Post,Detalle,POST,6136-096,3675
Post,Detalle,POST,6136-097,7350
Post,Detalle,,6136-100,0
Post,Detalle,POST,6136-101,3150
Post,Detalle,POST,6136-102,3150
Post,Detalle,POST,6136-103,3675
Post,Detalle,POST,6136-104,3675
Post,Detalle,POST,6136-105,3150
Post,Detalle,POST,6136-106,3675
Post,Detalle,POST,6136-107,48000
Post,Detalle,,6136-110,0
Post,Detalle,POST,6136-111,3675
Post,Detalle,POST,6136-112,11025
Post,Detalle,POST,6136-113,3675
Post,Detalle,POST,6136-114,3675
Post,Detalle,POST,6136-115,3675
Post,Detalle,POST,6136-116,3675
Post,Detalle,POST,6136-117,3675
Post,Detalle,POST,6136-118,3675
Post,Sub cuenta,,6137,-849516
Post,Detalle,,6137-002,0
Post,Detalle,POST,6137-003,-849515.52
Post,Sub cuenta,,6149,350000
Post,Detalle,,6149-002,0
Post,Detalle,POST,6149-003,350000
Others,Cuenta General,,7000,13503510
Others,Sub cuenta,,7001,149875
Others,Detalle,,7001-002,0
Others,Detalle,SOFT,7001-003,6875
Others,Detalle,PREP,7001-004,49500
Others,Detalle,SHOOT,7001-005,38500
Others,Detalle,WRAP,7001-006,22000
Others,Detalle,POST,7001-007,33000
Others,Sub cuenta,,7002,68000
Others,Detalle,,7002-002,0
Others,Detalle,PREP,7002-003,60000
Others,Detalle,,7002-006,0
Others,Detalle,ALL SHOW,7002-007,4000
Others,Detalle,ALL SHOW,7002-008,4000
Others,Sub cuenta,,7003,11643574
Others,Detalle,,7003-002,0
Others,Detalle,,7003-003,0
Others,Detalle,ALL SHOW,7003-004,11643573.8
Others,Sub cuenta,,7007,464182
Others,Detalle,,7007-002,0
Others,Detalle,PREP,7007-003,45000
Others,Detalle,SHOOT,7007-004,337500
Others,Detalle,WRAP,7007-005,67500
Others,Detalle,,7007-008,0
Others,Detalle,ALL SHOW,7007-009,14182
Others,Sub cuenta,,7008,18700
Others,Detalle,,7008-002,0
Others,Detalle,ALL SHOW,7008-003,18700
Others,Sub cuenta,,7038,296000
Others,Detalle,,7038-002,0
Others,Detalle,DEVELOPMENT,7038-003,3000
Others,Detalle,DEVELOPMENT,7038-004,3000
Others,Detalle,,7038-007,0
Others,Detalle,ALL SHOW,7038-008,40000
Others,Detalle,ALL SHOW,7038-009,250000
Others,Sub cuenta,,7050,273000
Others,Detalle,,7050-002,0
Others,Detalle,ALL SHOW,7050-003,220000
Others,Detalle,ALL SHOW,7050-004,28000
Others,Detalle,ALL SHOW,7050-005,25000
Others,Sub cuenta,,7080,8000
Others,Detalle,,7080-002,0
Others,Detalle,ALL SHOW,7080-003,8000
Others,Sub cuenta,,7094,582179
Others,Detalle,,7094-002,0
Others,Detalle,ALL SHOW,7094-003,582177.37
Others,Cuenta General,,7200,1485676
Others,Sub cuenta,,7201,1324376
Others,Detalle,,7201-002,0
Others,Detalle,ALL SHOW,7201-003,1276536
Others,Detalle,,7201-006,0
Others,Detalle,SHOOT,7201-007,47840
Others,Detalle,ALL SHOW,7201-008,
Others,Sub cuenta,,7216,50000
Others,Detalle,,7216-002,0
Others,Detalle,COVID,7216-003,50000
Others,Sub cuenta,,7217,111300
Others,Detalle,,7217-002,0
Others,Detalle,COVID,7217-003,47400
Others,Detalle,COVID,7217-004,47400
Others,Detalle,COVID,7217-005,16500
Others,Sub cuenta,,7230,0
Others,Detalle,,7230-001,0
Others,Detalle,,7230-002,0
Others,Detalle,,7230-003,0
Others,Detalle,,7230-004,0
Others,Detalle,,7230-005,0
